case_id,case_title,source_batch,priority,bucket,candidate_id,title,verification_status,topic_relation,recommended_action,matched_keywords,missing_keywords,reason,url,doi,year,venue,authors,source_type,repair_query,repair_source
ENG-THESIS-005,随机纹理背景下弱小缺陷检测的深度学习方法研究,re09_fresh,weak,paper,https://openalex.org/W1641498739,The Multimodal Brain Tumor Image Segmentation Benchmark (BRATS),,,keep_as_proxy,,,paper_n=3 < 4; dataset+repo=0 < 1; no_dataset_or_data_gap_note; object_axis_missing,,,,,,openalex,random texture background small object detection benchmark,
ENG-THESIS-005,随机纹理背景下弱小缺陷检测的深度学习方法研究,re09_fresh,weak,paper,https://openalex.org/W1641498739,The Multimodal Brain Tumor Image Segmentation Benchmark (BRATS),,,keep_as_proxy,,,paper_n=3 < 4; dataset+repo=0 < 1; no_dataset_or_data_gap_note; object_axis_missing,,,,,,openalex,random texture background small object detection benchmark,
ENG-THESIS-005,随机纹理背景下弱小缺陷检测的深度学习方法研究,re09_fresh,weak,paper,https://openalex.org/W2031489346,The Pascal Visual Object Classes (VOC) Challenge,,,keep_as_proxy,,,paper_n=3 < 4; dataset+repo=0 < 1; no_dataset_or_data_gap_note; object_axis_missing,,,,,,openalex,random texture background small object detection benchmark,
ENG-THESIS-005,随机纹理背景下弱小缺陷检测的深度学习方法研究,re09_fresh,weak,paper,https://openalex.org/W2031489346,The Pascal Visual Object Classes (VOC) Challenge,,,keep_as_proxy,,,paper_n=3 < 4; dataset+repo=0 < 1; no_dataset_or_data_gap_note; object_axis_missing,,,,,,openalex,random texture background X detection,
ENG-THESIS-005,随机纹理背景下弱小缺陷检测的深度学习方法研究,re09_fresh,weak,paper,https://openalex.org/W2031489346,The Pascal Visual Object Classes (VOC) Challenge,,,keep_as_proxy,,,paper_n=3 < 4; dataset+repo=0 < 1; no_dataset_or_data_gap_note; object_axis_missing,,,,,,openalex,random texture background small object detection benchmark,
ENG-THESIS-005,随机纹理背景下弱小缺陷检测的深度学习方法研究,re09_fresh,weak,paper,https://openalex.org/W2031489346,The Pascal Visual Object Classes (VOC) Challenge,,,keep_as_proxy,,,paper_n=3 < 4; dataset+repo=0 < 1; no_dataset_or_data_gap_note; object_axis_missing,,,,,,openalex,random texture background X detection,
ENG-THESIS-005,随机纹理背景下弱小缺陷检测的深度学习方法研究,re09_fresh,weak,paper,https://openalex.org/W2473156356,Using Deep Learning for Image-Based Plant Disease Detection,,,keep_as_proxy,,,paper_n=3 < 4; dataset+repo=0 < 1; no_dataset_or_data_gap_note; object_axis_missing,,,,,,openalex,random texture background X detection,
ENG-THESIS-005,随机纹理背景下弱小缺陷检测的深度学习方法研究,re09_fresh,weak,paper,https://openalex.org/W2473156356,Using Deep Learning for Image-Based Plant Disease Detection,,,keep_as_proxy,,,paper_n=3 < 4; dataset+repo=0 < 1; no_dataset_or_data_gap_note; object_axis_missing,,,,,,openalex,random texture background X detection,
ENG-THESIS-005,随机纹理背景下弱小缺陷检测的深度学习方法研究,re09_fresh,weak,paper,https://openalex.org/W2988916019,Deep Learning for Generic Object Detection: A Survey,,,keep_as_proxy,,,paper_n=3 < 4; dataset+repo=0 < 1; no_dataset_or_data_gap_note; object_axis_missing,,,,,,openalex,random texture background small object detection benchmark,
ENG-THESIS-005,随机纹理背景下弱小缺陷检测的深度学习方法研究,re09_fresh,weak,paper,https://openalex.org/W2988916019,Deep Learning for Generic Object Detection: A Survey,,,keep_as_proxy,,,paper_n=3 < 4; dataset+repo=0 < 1; no_dataset_or_data_gap_note; object_axis_missing,,,,,,openalex,random texture background X detection,
ENG-THESIS-005,随机纹理背景下弱小缺陷检测的深度学习方法研究,re09_fresh,weak,paper,https://openalex.org/W2988916019,Deep Learning for Generic Object Detection: A Survey,,,keep_as_proxy,,,paper_n=3 < 4; dataset+repo=0 < 1; no_dataset_or_data_gap_note; object_axis_missing,,,,,,openalex,random texture background small object detection benchmark,
ENG-THESIS-005,随机纹理背景下弱小缺陷检测的深度学习方法研究,re09_fresh,weak,paper,https://openalex.org/W2988916019,Deep Learning for Generic Object Detection: A Survey,,,keep_as_proxy,,,paper_n=3 < 4; dataset+repo=0 < 1; no_dataset_or_data_gap_note; object_axis_missing,,,,,,openalex,random texture background X detection,
ENG-THESIS-005,随机纹理背景下弱小缺陷检测的深度学习方法研究,re09_fresh,weak,paper,https://openalex.org/W4377090795,Real-Time Flying Object Detection with YOLOv8,,,keep_as_proxy,,,paper_n=3 < 4; dataset+repo=0 < 1; no_dataset_or_data_gap_note; object_axis_missing,,,,,,openalex,random texture background small object detection YOLOv8 survey,
ENG-THESIS-005,随机纹理背景下弱小缺陷检测的深度学习方法研究,re09_fresh,weak,paper,https://openalex.org/W4377090795,Real-Time Flying Object Detection with YOLOv8,,,keep_as_proxy,,,paper_n=3 < 4; dataset+repo=0 < 1; no_dataset_or_data_gap_note; object_axis_missing,,,,,,openalex,X YOLOv8 random texture background,
ENG-THESIS-005,随机纹理背景下弱小缺陷检测的深度学习方法研究,re09_fresh,weak,paper,https://openalex.org/W4377090795,Real-Time Flying Object Detection with YOLOv8,,,keep_as_proxy,,,paper_n=3 < 4; dataset+repo=0 < 1; no_dataset_or_data_gap_note; object_axis_missing,,,,,,openalex,X YOLOv8 random texture background,
ENG-THESIS-005,随机纹理背景下弱小缺陷检测的深度学习方法研究,re09_fresh,weak,paper,https://openalex.org/W4383695095,A Lightweight YOLOv8 Tomato Detection Algorithm Combining Feature Enhancement and Attention,,,keep_as_proxy,,,paper_n=3 < 4; dataset+repo=0 < 1; no_dataset_or_data_gap_note; object_axis_missing,,,,,,openalex,X YOLOv8 random texture background,
ENG-THESIS-005,随机纹理背景下弱小缺陷检测的深度学习方法研究,re09_fresh,weak,paper,https://openalex.org/W4383695095,A Lightweight YOLOv8 Tomato Detection Algorithm Combining Feature Enhancement and Attention,,,keep_as_proxy,,,paper_n=3 < 4; dataset+repo=0 < 1; no_dataset_or_data_gap_note; object_axis_missing,,,,,,openalex,X YOLOv8 random texture background,
ENG-THESIS-005,随机纹理背景下弱小缺陷检测的深度学习方法研究,re09_fresh,weak,paper,https://openalex.org/W4389347185,YOLO-SE: Improved YOLOv8 for Remote Sensing Object Detection and Recognition,,,keep_as_proxy,,,paper_n=3 < 4; dataset+repo=0 < 1; no_dataset_or_data_gap_note; object_axis_missing,,,,,,openalex,random texture background small object detection YOLOv8 survey,
ENG-THESIS-005,随机纹理背景下弱小缺陷检测的深度学习方法研究,re09_fresh,weak,paper,https://openalex.org/W4389347185,YOLO-SE: Improved YOLOv8 for Remote Sensing Object Detection and Recognition,,,keep_as_proxy,,,paper_n=3 < 4; dataset+repo=0 < 1; no_dataset_or_data_gap_note; object_axis_missing,,,,,,openalex,X YOLOv8 random texture background,
ENG-THESIS-005,随机纹理背景下弱小缺陷检测的深度学习方法研究,re09_fresh,weak,paper,https://openalex.org/W4389347185,YOLO-SE: Improved YOLOv8 for Remote Sensing Object Detection and Recognition,,,keep_as_proxy,,,paper_n=3 < 4; dataset+repo=0 < 1; no_dataset_or_data_gap_note; object_axis_missing,,,,,,openalex,X YOLOv8 random texture background,
ENG-THESIS-005,随机纹理背景下弱小缺陷检测的深度学习方法研究,re09_fresh,weak,paper,https://openalex.org/W4396918822,Automatic object detection for behavioural research using YOLOv8,,,keep_as_proxy,,,paper_n=3 < 4; dataset+repo=0 < 1; no_dataset_or_data_gap_note; object_axis_missing,,,,,,openalex,random texture background small object detection YOLOv8 survey,
ENG-THESIS-014,基于生成对抗网络的织物缺陷检测算法研究,re09_fresh,weak,paper,https://openalex.org/W1988386267,Medical hyperspectral imaging: a review,,,keep_as_proxy,,,paper_n=3 < 4; effective_baseline_n=0 < 1; dataset+repo=0 < 1; no_dataset_or_data_gap_note; no_paper_no_dataset_no_repo_no_baseline,,,,,,openalex,fabric texture images X detection,
ENG-THESIS-014,基于生成对抗网络的织物缺陷检测算法研究,re09_fresh,weak,paper,https://openalex.org/W1988386267,Medical hyperspectral imaging: a review,,,keep_as_proxy,,,paper_n=3 < 4; effective_baseline_n=0 < 1; dataset+repo=0 < 1; no_dataset_or_data_gap_note; no_paper_no_dataset_no_repo_no_baseline,,,,,,openalex,fabric texture images X detection,
ENG-THESIS-014,基于生成对抗网络的织物缺陷检测算法研究,re09_fresh,weak,paper,https://openalex.org/W2097946161,A Review of Recent Advances in Surface Defect Detection using Texture analysis Techniques,,,keep_as_proxy,,,paper_n=3 < 4; effective_baseline_n=0 < 1; dataset+repo=0 < 1; no_dataset_or_data_gap_note; no_paper_no_dataset_no_repo_no_baseline,,,,,,openalex,fabric texture images X detection,
ENG-THESIS-014,基于生成对抗网络的织物缺陷检测算法研究,re09_fresh,weak,paper,https://openalex.org/W2097946161,A Review of Recent Advances in Surface Defect Detection using Texture analysis Techniques,,,keep_as_proxy,,,paper_n=3 < 4; effective_baseline_n=0 < 1; dataset+repo=0 < 1; no_dataset_or_data_gap_note; no_paper_no_dataset_no_repo_no_baseline,,,,,,openalex,fabric texture images X detection,
ENG-THESIS-014,基于生成对抗网络的织物缺陷检测算法研究,re09_fresh,weak,paper,https://openalex.org/W2608015370,DualGAN: Unsupervised Dual Learning for Image-to-Image Translation,,,keep_as_proxy,,,paper_n=3 < 4; effective_baseline_n=0 < 1; dataset+repo=0 < 1; no_dataset_or_data_gap_note; no_paper_no_dataset_no_repo_no_baseline,,,,,,openalex,X GAN fabric texture images,
ENG-THESIS-014,基于生成对抗网络的织物缺陷检测算法研究,re09_fresh,weak,paper,https://openalex.org/W2608015370,DualGAN: Unsupervised Dual Learning for Image-to-Image Translation,,,keep_as_proxy,,,paper_n=3 < 4; effective_baseline_n=0 < 1; dataset+repo=0 < 1; no_dataset_or_data_gap_note; no_paper_no_dataset_no_repo_no_baseline,,,,,,openalex,X GAN fabric texture images,
ENG-THESIS-014,基于生成对抗网络的织物缺陷检测算法研究,re09_fresh,weak,paper,https://openalex.org/W2996357432,"Beyond solid-state lighting: Miniaturization, hybrid integration, and applications of GaN nano- and micro-LEDs",,,keep_as_proxy,,,paper_n=3 < 4; effective_baseline_n=0 < 1; dataset+repo=0 < 1; no_dataset_or_data_gap_note; no_paper_no_dataset_no_repo_no_baseline,,,,,,openalex,X GAN fabric texture images,
ENG-THESIS-014,基于生成对抗网络的织物缺陷检测算法研究,re09_fresh,weak,paper,https://openalex.org/W2996357432,"Beyond solid-state lighting: Miniaturization, hybrid integration, and applications of GaN nano- and micro-LEDs",,,keep_as_proxy,,,paper_n=3 < 4; effective_baseline_n=0 < 1; dataset+repo=0 < 1; no_dataset_or_data_gap_note; no_paper_no_dataset_no_repo_no_baseline,,,,,,openalex,X GAN fabric texture images,
ENG-THESIS-014,基于生成对抗网络的织物缺陷检测算法研究,re09_fresh,weak,paper,https://openalex.org/W2998291476,Automated Visual Defect Detection for Flat Steel Surface: A Survey,,,keep_as_proxy,,,paper_n=3 < 4; effective_baseline_n=0 < 1; dataset+repo=0 < 1; no_dataset_or_data_gap_note; no_paper_no_dataset_no_repo_no_baseline,,,,,,openalex,fabric texture images fabric defect detection GAN survey,
ENG-THESIS-014,基于生成对抗网络的织物缺陷检测算法研究,re09_fresh,weak,paper,https://openalex.org/W3120387510,Defect-GAN: High-Fidelity Defect Synthesis for Automated Defect Inspection,,,keep_as_proxy,,,paper_n=3 < 4; effective_baseline_n=0 < 1; dataset+repo=0 < 1; no_dataset_or_data_gap_note; no_paper_no_dataset_no_repo_no_baseline,,,,,,openalex,X GAN fabric texture images,
ENG-THESIS-014,基于生成对抗网络的织物缺陷检测算法研究,re09_fresh,weak,paper,https://openalex.org/W3120387510,Defect-GAN: High-Fidelity Defect Synthesis for Automated Defect Inspection,,,keep_as_proxy,,,paper_n=3 < 4; effective_baseline_n=0 < 1; dataset+repo=0 < 1; no_dataset_or_data_gap_note; no_paper_no_dataset_no_repo_no_baseline,,,,,,openalex,X GAN fabric texture images,
ENG-THESIS-014,基于生成对抗网络的织物缺陷检测算法研究,re09_fresh,weak,paper,https://openalex.org/W3162910509,Fabric Defect Detection in Textile Manufacturing: A Survey of the State of the Art,,,keep_as_proxy,,,paper_n=3 < 4; effective_baseline_n=0 < 1; dataset+repo=0 < 1; no_dataset_or_data_gap_note; no_paper_no_dataset_no_repo_no_baseline,,,,,,openalex,fabric texture images fabric defect detection GAN survey,
ENG-THESIS-014,基于生成对抗网络的织物缺陷检测算法研究,re09_fresh,weak,paper,https://openalex.org/W3164104137,State of the Art in Defect Detection Based on Machine Vision,,,keep_as_proxy,,,paper_n=3 < 4; effective_baseline_n=0 < 1; dataset+repo=0 < 1; no_dataset_or_data_gap_note; no_paper_no_dataset_no_repo_no_baseline,,,,,,openalex,fabric texture images fabric defect detection GAN survey,
ENG-THESIS-014,基于生成对抗网络的织物缺陷检测算法研究,re09_fresh,weak,paper,https://openalex.org/W3164104137,State of the Art in Defect Detection Based on Machine Vision,,,keep_as_proxy,,,paper_n=3 < 4; effective_baseline_n=0 < 1; dataset+repo=0 < 1; no_dataset_or_data_gap_note; no_paper_no_dataset_no_repo_no_baseline,,,,,,openalex,fabric texture images X detection,
ENG-THESIS-014,基于生成对抗网络的织物缺陷检测算法研究,re09_fresh,weak,paper,https://openalex.org/W3164104137,State of the Art in Defect Detection Based on Machine Vision,,,keep_as_proxy,,,paper_n=3 < 4; effective_baseline_n=0 < 1; dataset+repo=0 < 1; no_dataset_or_data_gap_note; no_paper_no_dataset_no_repo_no_baseline,,,,,,openalex,fabric texture images X detection,
ENG-THESIS-015,基于患者虚拟定位的三维人体重建关键技术研究,re09_fresh,weak,paper,alkzar90/NIH-Chest-X-ray-dataset,alkzar90/NIH-Chest-X-ray-dataset,,,keep_as_proxy,,,paper_n=0 < 4; dataset+repo=0 < 1; no_dataset_or_data_gap_note; object_axis_missing; scenario_axis_missing,https://huggingface.co/datasets/alkzar90/NIH-Chest-X-ray-dataset,,,,,huggingface,X X dataset,
ENG-THESIS-015,基于患者虚拟定位的三维人体重建关键技术研究,re09_fresh,weak,paper,alkzar90/NIH-Chest-X-ray-dataset,alkzar90/NIH-Chest-X-ray-dataset,,,keep_as_proxy,,,paper_n=0 < 4; dataset+repo=0 < 1; no_dataset_or_data_gap_note; object_axis_missing; scenario_axis_missing,https://huggingface.co/datasets/alkzar90/NIH-Chest-X-ray-dataset,,,,,huggingface,X X dataset,
ENG-THESIS-015,基于患者虚拟定位的三维人体重建关键技术研究,re09_fresh,weak,paper,google-research-datasets/paws-x,google-research-datasets/paws-x,,,keep_as_proxy,,,paper_n=0 < 4; dataset+repo=0 < 1; no_dataset_or_data_gap_note; object_axis_missing; scenario_axis_missing,https://huggingface.co/datasets/google-research-datasets/paws-x,,,,,huggingface,X X dataset,
ENG-THESIS-015,基于患者虚拟定位的三维人体重建关键技术研究,re09_fresh,weak,paper,google-research-datasets/paws-x,google-research-datasets/paws-x,,,keep_as_proxy,,,paper_n=0 < 4; dataset+repo=0 < 1; no_dataset_or_data_gap_note; object_axis_missing; scenario_axis_missing,https://huggingface.co/datasets/google-research-datasets/paws-x,,,,,huggingface,X X dataset,
ENG-THESIS-015,基于患者虚拟定位的三维人体重建关键技术研究,re09_fresh,weak,paper,https://openalex.org/W1539796472,[20] Processing of X-ray diffraction data collected in oscillation mode,,,keep_as_proxy,,,paper_n=0 < 4; dataset+repo=0 < 1; no_dataset_or_data_gap_note; object_axis_missing; scenario_axis_missing,,,,,,openalex,X X X,
ENG-THESIS-015,基于患者虚拟定位的三维人体重建关键技术研究,re09_fresh,weak,paper,https://openalex.org/W1539796472,[20] Processing of X-ray diffraction data collected in oscillation mode,,,keep_as_proxy,,,paper_n=0 < 4; dataset+repo=0 < 1; no_dataset_or_data_gap_note; object_axis_missing; scenario_axis_missing,,,,,,openalex,X X X,
ENG-THESIS-015,基于患者虚拟定位的三维人体重建关键技术研究,re09_fresh,weak,paper,https://openalex.org/W2044591029,Semiempirical GGA‐type density functional constructed with a long‐range dispersion correction,,,keep_as_proxy,,,paper_n=0 < 4; dataset+repo=0 < 1; no_dataset_or_data_gap_note; object_axis_missing; scenario_axis_missing,,,,,,openalex,X X benchmark,
ENG-THESIS-015,基于患者虚拟定位的三维人体重建关键技术研究,re09_fresh,weak,paper,https://openalex.org/W2044591029,Semiempirical GGA‐type density functional constructed with a long‐range dispersion correction,,,keep_as_proxy,,,paper_n=0 < 4; dataset+repo=0 < 1; no_dataset_or_data_gap_note; object_axis_missing; scenario_axis_missing,,,,,,openalex,X X benchmark,
ENG-THESIS-015,基于患者虚拟定位的三维人体重建关键技术研究,re09_fresh,weak,paper,https://openalex.org/W2114291507,Benchmarking Heterogeneous Electrocatalysts for the Oxygen Evolution Reaction,,,keep_as_proxy,,,paper_n=0 < 4; dataset+repo=0 < 1; no_dataset_or_data_gap_note; object_axis_missing; scenario_axis_missing,,,,,,openalex,X X benchmark,
ENG-THESIS-015,基于患者虚拟定位的三维人体重建关键技术研究,re09_fresh,weak,paper,https://openalex.org/W2114291507,Benchmarking Heterogeneous Electrocatalysts for the Oxygen Evolution Reaction,,,keep_as_proxy,,,paper_n=0 < 4; dataset+repo=0 < 1; no_dataset_or_data_gap_note; object_axis_missing; scenario_axis_missing,,,,,,openalex,X X benchmark,
ENG-THESIS-015,基于患者虚拟定位的三维人体重建关键技术研究,re09_fresh,weak,paper,https://openalex.org/W2137015675,Clustal W and Clustal X version 2.0,,,keep_as_proxy,,,paper_n=0 < 4; dataset+repo=0 < 1; no_dataset_or_data_gap_note; object_axis_missing; scenario_axis_missing,,,,,,openalex,X X X,
ENG-THESIS-015,基于患者虚拟定位的三维人体重建关键技术研究,re09_fresh,weak,paper,https://openalex.org/W2137015675,Clustal W and Clustal X version 2.0,,,keep_as_proxy,,,paper_n=0 < 4; dataset+repo=0 < 1; no_dataset_or_data_gap_note; object_axis_missing; scenario_axis_missing,,,,,,openalex,X X X,
ENG-THESIS-015,基于患者虚拟定位的三维人体重建关键技术研究,re09_fresh,weak,paper,https://openalex.org/W2611650229,ChestX-Ray8: Hospital-Scale Chest X-Ray Database and Benchmarks on Weakly-Supervised Classification and Localization of Common Thorax Diseases,,,keep_as_proxy,,,paper_n=0 < 4; dataset+repo=0 < 1; no_dataset_or_data_gap_note; object_axis_missing; scenario_axis_missing,,,,,,openalex,X X benchmark,
ENG-THESIS-015,基于患者虚拟定位的三维人体重建关键技术研究,re09_fresh,weak,paper,https://openalex.org/W2611650229,ChestX-Ray8: Hospital-Scale Chest X-Ray Database and Benchmarks on Weakly-Supervised Classification and Localization of Common Thorax Diseases,,,keep_as_proxy,,,paper_n=0 < 4; dataset+repo=0 < 1; no_dataset_or_data_gap_note; object_axis_missing; scenario_axis_missing,,,,,,openalex,X X benchmark,
ENG-THESIS-015,基于患者虚拟定位的三维人体重建关键技术研究,re09_fresh,weak,paper,https://openalex.org/W2799524357,MEGA X: Molecular Evolutionary Genetics Analysis across Computing Platforms,,,keep_as_proxy,,,paper_n=0 < 4; dataset+repo=0 < 1; no_dataset_or_data_gap_note; object_axis_missing; scenario_axis_missing,,,,,,openalex,X X X,
ENG-THESIS-015,基于患者虚拟定位的三维人体重建关键技术研究,re09_fresh,weak,paper,https://openalex.org/W2799524357,MEGA X: Molecular Evolutionary Genetics Analysis across Computing Platforms,,,keep_as_proxy,,,paper_n=0 < 4; dataset+repo=0 < 1; no_dataset_or_data_gap_note; object_axis_missing; scenario_axis_missing,,,,,,openalex,X X X,
ENG-THESIS-015,基于患者虚拟定位的三维人体重建关键技术研究,re09_fresh,weak,paper,https://openalex.org/W3013601031,Covid-19: automatic detection from X-ray images utilizing transfer learning with convolutional neural networks,,,keep_as_proxy,,,paper_n=0 < 4; dataset+repo=0 < 1; no_dataset_or_data_gap_note; object_axis_missing; scenario_axis_missing,,,,,,openalex,X X detection,
ENG-THESIS-015,基于患者虚拟定位的三维人体重建关键技术研究,re09_fresh,weak,paper,https://openalex.org/W3013601031,Covid-19: automatic detection from X-ray images utilizing transfer learning with convolutional neural networks,,,keep_as_proxy,,,paper_n=0 < 4; dataset+repo=0 < 1; no_dataset_or_data_gap_note; object_axis_missing; scenario_axis_missing,,,,,,openalex,X X detection,
ENG-THESIS-015,基于患者虚拟定位的三维人体重建关键技术研究,re09_fresh,weak,paper,https://openalex.org/W3017855299,Automated detection of COVID-19 cases using deep neural networks with X-ray images,,,keep_as_proxy,,,paper_n=0 < 4; dataset+repo=0 < 1; no_dataset_or_data_gap_note; object_axis_missing; scenario_axis_missing,,,,,,openalex,X X detection,
ENG-THESIS-015,基于患者虚拟定位的三维人体重建关键技术研究,re09_fresh,weak,paper,https://openalex.org/W3017855299,Automated detection of COVID-19 cases using deep neural networks with X-ray images,,,keep_as_proxy,,,paper_n=0 < 4; dataset+repo=0 < 1; no_dataset_or_data_gap_note; object_axis_missing; scenario_axis_missing,,,,,,openalex,X X detection,
ENG-THESIS-015,基于患者虚拟定位的三维人体重建关键技术研究,re09_fresh,weak,paper,https://openalex.org/W3105081694,COVID-Net: a tailored deep convolutional neural network design for detection of COVID-19 cases from chest X-ray images,,,keep_as_proxy,,,paper_n=0 < 4; dataset+repo=0 < 1; no_dataset_or_data_gap_note; object_axis_missing; scenario_axis_missing,,,,,,openalex,X X detection,
ENG-THESIS-015,基于患者虚拟定位的三维人体重建关键技术研究,re09_fresh,weak,paper,https://openalex.org/W3105081694,COVID-Net: a tailored deep convolutional neural network design for detection of COVID-19 cases from chest X-ray images,,,keep_as_proxy,,,paper_n=0 < 4; dataset+repo=0 < 1; no_dataset_or_data_gap_note; object_axis_missing; scenario_axis_missing,,,,,,openalex,X X detection,
ENG-THESIS-015,基于患者虚拟定位的三维人体重建关键技术研究,re09_fresh,weak,paper,polytechXhf/onepiece-x-jojo-dataset,polytechXhf/onepiece-x-jojo-dataset,,,keep_as_proxy,,,paper_n=0 < 4; dataset+repo=0 < 1; no_dataset_or_data_gap_note; object_axis_missing; scenario_axis_missing,https://huggingface.co/datasets/polytechXhf/onepiece-x-jojo-dataset,,,,,huggingface,X X dataset,
ENG-THESIS-015,基于患者虚拟定位的三维人体重建关键技术研究,re09_fresh,weak,paper,polytechXhf/onepiece-x-jojo-dataset,polytechXhf/onepiece-x-jojo-dataset,,,keep_as_proxy,,,paper_n=0 < 4; dataset+repo=0 < 1; no_dataset_or_data_gap_note; object_axis_missing; scenario_axis_missing,https://huggingface.co/datasets/polytechXhf/onepiece-x-jojo-dataset,,,,,huggingface,X X dataset,
ENG-THESIS-028,基于YOLOv5的绝缘子检测与缺陷识别方法研究,re09_fresh,weak,paper,https://openalex.org/W1991577814,Topological crystalline insulators in the SnTe material class,,,keep_as_proxy,,,paper_n=3 < 4; effective_baseline_n=0 < 1; dataset+repo=0 < 1; no_dataset_or_data_gap_note; no_paper_no_dataset_no_repo_no_baseline,,,,,,openalex,insulator X detection,
ENG-THESIS-028,基于YOLOv5的绝缘子检测与缺陷识别方法研究,re09_fresh,weak,paper,https://openalex.org/W1991577814,Topological crystalline insulators in the SnTe material class,,,keep_as_proxy,,,paper_n=3 < 4; effective_baseline_n=0 < 1; dataset+repo=0 < 1; no_dataset_or_data_gap_note; no_paper_no_dataset_no_repo_no_baseline,,,,,,openalex,insulator X detection,
ENG-THESIS-028,基于YOLOv5的绝缘子检测与缺陷识别方法研究,re09_fresh,weak,paper,https://openalex.org/W2024321021,An X-ray-induced insulator–metal transition in a magnetoresistive manganite,,,keep_as_proxy,,,paper_n=3 < 4; effective_baseline_n=0 < 1; dataset+repo=0 < 1; no_dataset_or_data_gap_note; no_paper_no_dataset_no_repo_no_baseline,,,,,,openalex,insulator X detection,
ENG-THESIS-028,基于YOLOv5的绝缘子检测与缺陷识别方法研究,re09_fresh,weak,paper,https://openalex.org/W2024321021,An X-ray-induced insulator–metal transition in a magnetoresistive manganite,,,keep_as_proxy,,,paper_n=3 < 4; effective_baseline_n=0 < 1; dataset+repo=0 < 1; no_dataset_or_data_gap_note; no_paper_no_dataset_no_repo_no_baseline,,,,,,openalex,insulator X detection,
ENG-THESIS-028,基于YOLOv5的绝缘子检测与缺陷识别方法研究,re09_fresh,weak,paper,https://openalex.org/W2031028572,Topological insulators with inversion symmetry,,,keep_as_proxy,,,paper_n=3 < 4; effective_baseline_n=0 < 1; dataset+repo=0 < 1; no_dataset_or_data_gap_note; no_paper_no_dataset_no_repo_no_baseline,,,,,,openalex,insulator X detection,
ENG-THESIS-028,基于YOLOv5的绝缘子检测与缺陷识别方法研究,re09_fresh,weak,paper,https://openalex.org/W2031028572,Topological insulators with inversion symmetry,,,keep_as_proxy,,,paper_n=3 < 4; effective_baseline_n=0 < 1; dataset+repo=0 < 1; no_dataset_or_data_gap_note; no_paper_no_dataset_no_repo_no_baseline,,,,,,openalex,insulator X detection,
ENG-THESIS-028,基于YOLOv5的绝缘子检测与缺陷识别方法研究,re09_fresh,weak,paper,https://openalex.org/W4205483841,Aircraft Target Detection in Remote Sensing Images Based on Improved YOLOv5,,,keep_as_proxy,,,paper_n=3 < 4; effective_baseline_n=0 < 1; dataset+repo=0 < 1; no_dataset_or_data_gap_note; no_paper_no_dataset_no_repo_no_baseline,,,,,,openalex,insulator insulator detection YOLOv5 survey,
ENG-THESIS-028,基于YOLOv5的绝缘子检测与缺陷识别方法研究,re09_fresh,weak,paper,https://openalex.org/W4205483841,Aircraft Target Detection in Remote Sensing Images Based on Improved YOLOv5,,,keep_as_proxy,,,paper_n=3 < 4; effective_baseline_n=0 < 1; dataset+repo=0 < 1; no_dataset_or_data_gap_note; no_paper_no_dataset_no_repo_no_baseline,,,,,,openalex,X YOLOv5 insulator,
ENG-THESIS-028,基于YOLOv5的绝缘子检测与缺陷识别方法研究,re09_fresh,weak,paper,https://openalex.org/W4205483841,Aircraft Target Detection in Remote Sensing Images Based on Improved YOLOv5,,,keep_as_proxy,,,paper_n=3 < 4; effective_baseline_n=0 < 1; dataset+repo=0 < 1; no_dataset_or_data_gap_note; no_paper_no_dataset_no_repo_no_baseline,,,,,,openalex,X YOLOv5 insulator,
ENG-THESIS-028,基于YOLOv5的绝缘子检测与缺陷识别方法研究,re09_fresh,weak,paper,https://openalex.org/W4205900964,"Comparing YOLOv3, YOLOv4 and YOLOv5 for Autonomous Landing Spot Detection in Faulty UAVs",,,keep_as_proxy,,,paper_n=3 < 4; effective_baseline_n=0 < 1; dataset+repo=0 < 1; no_dataset_or_data_gap_note; no_paper_no_dataset_no_repo_no_baseline,,,,,,openalex,insulator insulator detection YOLOv5 survey,
ENG-THESIS-028,基于YOLOv5的绝缘子检测与缺陷识别方法研究,re09_fresh,weak,paper,https://openalex.org/W4205900964,"Comparing YOLOv3, YOLOv4 and YOLOv5 for Autonomous Landing Spot Detection in Faulty UAVs",,,keep_as_proxy,,,paper_n=3 < 4; effective_baseline_n=0 < 1; dataset+repo=0 < 1; no_dataset_or_data_gap_note; no_paper_no_dataset_no_repo_no_baseline,,,,,,openalex,X YOLOv5 insulator,
ENG-THESIS-028,基于YOLOv5的绝缘子检测与缺陷识别方法研究,re09_fresh,weak,paper,https://openalex.org/W4205900964,"Comparing YOLOv3, YOLOv4 and YOLOv5 for Autonomous Landing Spot Detection in Faulty UAVs",,,keep_as_proxy,,,paper_n=3 < 4; effective_baseline_n=0 < 1; dataset+repo=0 < 1; no_dataset_or_data_gap_note; no_paper_no_dataset_no_repo_no_baseline,,,,,,openalex,X YOLOv5 insulator,
ENG-THESIS-028,基于YOLOv5的绝缘子检测与缺陷识别方法研究,re09_fresh,weak,paper,https://openalex.org/W4383346970,Insulator defect detection with deep learning: A survey,,,keep_as_proxy,,,paper_n=3 < 4; effective_baseline_n=0 < 1; dataset+repo=0 < 1; no_dataset_or_data_gap_note; no_paper_no_dataset_no_repo_no_baseline,,,,,,openalex,insulator insulator detection YOLOv5 survey,
ENG-THESIS-028,基于YOLOv5的绝缘子检测与缺陷识别方法研究,re09_fresh,weak,paper,https://openalex.org/W4390411429,Insulator Defect Detection Based on ML-YOLOv5 Algorithm,,,keep_as_proxy,,,paper_n=3 < 4; effective_baseline_n=0 < 1; dataset+repo=0 < 1; no_dataset_or_data_gap_note; no_paper_no_dataset_no_repo_no_baseline,,,,,,openalex,X YOLOv5 insulator,
ENG-THESIS-028,基于YOLOv5的绝缘子检测与缺陷识别方法研究,re09_fresh,weak,paper,https://openalex.org/W4390411429,Insulator Defect Detection Based on ML-YOLOv5 Algorithm,,,keep_as_proxy,,,paper_n=3 < 4; effective_baseline_n=0 < 1; dataset+repo=0 < 1; no_dataset_or_data_gap_note; no_paper_no_dataset_no_repo_no_baseline,,,,,,openalex,X YOLOv5 insulator,
ENG-THESIS-032,基于深度学习的液晶屏表面缺陷检测方法研究,re09_fresh,weak,paper,https://openalex.org/W1993625828,The Detection of Visual Contrast in the Behaving Mouse,,,keep_as_proxy,,,paper_n=0 < 4; effective_baseline_n=0 < 1; dataset+repo=0 < 1; no_dataset_or_data_gap_note; no_paper_no_dataset_no_repo_no_baseline,,,,,,openalex,LCD panel X detection,
ENG-THESIS-032,基于深度学习的液晶屏表面缺陷检测方法研究,re09_fresh,weak,paper,https://openalex.org/W1993625828,The Detection of Visual Contrast in the Behaving Mouse,,,keep_as_proxy,,,paper_n=0 < 4; effective_baseline_n=0 < 1; dataset+repo=0 < 1; no_dataset_or_data_gap_note; no_paper_no_dataset_no_repo_no_baseline,,,,,,openalex,LCD panel X detection,
ENG-THESIS-032,基于深度学习的液晶屏表面缺陷检测方法研究,re09_fresh,weak,paper,https://openalex.org/W2166206801,Deep Neural Networks Rival the Representation of Primate IT Cortex for Core Visual Object Recognition,,,keep_as_proxy,,,paper_n=0 < 4; effective_baseline_n=0 < 1; dataset+repo=0 < 1; no_dataset_or_data_gap_note; no_paper_no_dataset_no_repo_no_baseline,,,,,,openalex,X deep learning LCD panel,
ENG-THESIS-032,基于深度学习的液晶屏表面缺陷检测方法研究,re09_fresh,weak,paper,https://openalex.org/W2166206801,Deep Neural Networks Rival the Representation of Primate IT Cortex for Core Visual Object Recognition,,,keep_as_proxy,,,paper_n=0 < 4; effective_baseline_n=0 < 1; dataset+repo=0 < 1; no_dataset_or_data_gap_note; no_paper_no_dataset_no_repo_no_baseline,,,,,,openalex,X deep learning LCD panel,
ENG-THESIS-032,基于深度学习的液晶屏表面缺陷检测方法研究,re09_fresh,weak,paper,https://openalex.org/W3036700343,"Mini-LED, Micro-LED and OLED displays: present status and future perspectives",,,keep_as_proxy,,,paper_n=0 < 4; effective_baseline_n=0 < 1; dataset+repo=0 < 1; no_dataset_or_data_gap_note; no_paper_no_dataset_no_repo_no_baseline,,,,,,openalex,LCD panel X detection,
ENG-THESIS-032,基于深度学习的液晶屏表面缺陷检测方法研究,re09_fresh,weak,paper,https://openalex.org/W3036700343,"Mini-LED, Micro-LED and OLED displays: present status and future perspectives",,,keep_as_proxy,,,paper_n=0 < 4; effective_baseline_n=0 < 1; dataset+repo=0 < 1; no_dataset_or_data_gap_note; no_paper_no_dataset_no_repo_no_baseline,,,,,,openalex,LCD panel X detection,
ENG-THESIS-032,基于深度学习的液晶屏表面缺陷检测方法研究,re09_fresh,weak,paper,https://openalex.org/W3111188917,Design and Development of a Smart Variable Rate Sprayer Using Deep Learning,,,keep_as_proxy,,,paper_n=0 < 4; effective_baseline_n=0 < 1; dataset+repo=0 < 1; no_dataset_or_data_gap_note; no_paper_no_dataset_no_repo_no_baseline,,,,,,openalex,X deep learning LCD panel,
ENG-THESIS-032,基于深度学习的液晶屏表面缺陷检测方法研究,re09_fresh,weak,paper,https://openalex.org/W3111188917,Design and Development of a Smart Variable Rate Sprayer Using Deep Learning,,,keep_as_proxy,,,paper_n=0 < 4; effective_baseline_n=0 < 1; dataset+repo=0 < 1; no_dataset_or_data_gap_note; no_paper_no_dataset_no_repo_no_baseline,,,,,,openalex,X deep learning LCD panel,
ENG-THESIS-032,基于深度学习的液晶屏表面缺陷检测方法研究,re09_fresh,weak,paper,https://openalex.org/W3164104137,State of the Art in Defect Detection Based on Machine Vision,,,keep_as_proxy,,,paper_n=0 < 4; effective_baseline_n=0 < 1; dataset+repo=0 < 1; no_dataset_or_data_gap_note; no_paper_no_dataset_no_repo_no_baseline,,,,,,openalex,LCD panel X detection,
ENG-THESIS-032,基于深度学习的液晶屏表面缺陷检测方法研究,re09_fresh,weak,paper,https://openalex.org/W3164104137,State of the Art in Defect Detection Based on Machine Vision,,,keep_as_proxy,,,paper_n=0 < 4; effective_baseline_n=0 < 1; dataset+repo=0 < 1; no_dataset_or_data_gap_note; no_paper_no_dataset_no_repo_no_baseline,,,,,,openalex,LCD panel X detection,
ENG-THESIS-032,基于深度学习的液晶屏表面缺陷检测方法研究,re09_fresh,weak,paper,https://openalex.org/W3191728126,Deep learning-based transformation of H&amp;E stained tissues into special stains,,,keep_as_proxy,,,paper_n=0 < 4; effective_baseline_n=0 < 1; dataset+repo=0 < 1; no_dataset_or_data_gap_note; no_paper_no_dataset_no_repo_no_baseline,,,,,,openalex,X deep learning LCD panel,
ENG-THESIS-032,基于深度学习的液晶屏表面缺陷检测方法研究,re09_fresh,weak,paper,https://openalex.org/W3191728126,Deep learning-based transformation of H&amp;E stained tissues into special stains,,,keep_as_proxy,,,paper_n=0 < 4; effective_baseline_n=0 < 1; dataset+repo=0 < 1; no_dataset_or_data_gap_note; no_paper_no_dataset_no_repo_no_baseline,,,,,,openalex,X deep learning LCD panel,
ENG-THESIS-040,基于改进YOLO网络与极限学习机的绝缘子故障检测,re09_fresh,weak,paper,https://openalex.org/W1991577814,Topological crystalline insulators in the SnTe material class,,,keep_as_proxy,,,paper_n=3 < 4; effective_baseline_n=0 < 1; dataset+repo=0 < 1; no_dataset_or_data_gap_note; no_paper_no_dataset_no_repo_no_baseline,,,,,,openalex,insulator X detection,
ENG-THESIS-040,基于改进YOLO网络与极限学习机的绝缘子故障检测,re09_fresh,weak,paper,https://openalex.org/W1991577814,Topological crystalline insulators in the SnTe material class,,,keep_as_proxy,,,paper_n=3 < 4; effective_baseline_n=0 < 1; dataset+repo=0 < 1; no_dataset_or_data_gap_note; no_paper_no_dataset_no_repo_no_baseline,,,,,,openalex,insulator X detection,
ENG-THESIS-040,基于改进YOLO网络与极限学习机的绝缘子故障检测,re09_fresh,weak,paper,https://openalex.org/W2024321021,An X-ray-induced insulator–metal transition in a magnetoresistive manganite,,,keep_as_proxy,,,paper_n=3 < 4; effective_baseline_n=0 < 1; dataset+repo=0 < 1; no_dataset_or_data_gap_note; no_paper_no_dataset_no_repo_no_baseline,,,,,,openalex,insulator X detection,
ENG-THESIS-040,基于改进YOLO网络与极限学习机的绝缘子故障检测,re09_fresh,weak,paper,https://openalex.org/W2024321021,An X-ray-induced insulator–metal transition in a magnetoresistive manganite,,,keep_as_proxy,,,paper_n=3 < 4; effective_baseline_n=0 < 1; dataset+repo=0 < 1; no_dataset_or_data_gap_note; no_paper_no_dataset_no_repo_no_baseline,,,,,,openalex,insulator X detection,
ENG-THESIS-040,基于改进YOLO网络与极限学习机的绝缘子故障检测,re09_fresh,weak,paper,https://openalex.org/W2031028572,Topological insulators with inversion symmetry,,,keep_as_proxy,,,paper_n=3 < 4; effective_baseline_n=0 < 1; dataset+repo=0 < 1; no_dataset_or_data_gap_note; no_paper_no_dataset_no_repo_no_baseline,,,,,,openalex,insulator X detection,
ENG-THESIS-040,基于改进YOLO网络与极限学习机的绝缘子故障检测,re09_fresh,weak,paper,https://openalex.org/W2031028572,Topological insulators with inversion symmetry,,,keep_as_proxy,,,paper_n=3 < 4; effective_baseline_n=0 < 1; dataset+repo=0 < 1; no_dataset_or_data_gap_note; no_paper_no_dataset_no_repo_no_baseline,,,,,,openalex,insulator X detection,
ENG-THESIS-040,基于改进YOLO网络与极限学习机的绝缘子故障检测,re09_fresh,weak,paper,https://openalex.org/W3134054343,MTI-YOLO: A Light-Weight and Real-Time Deep Neural Network for Insulator Detection in Complex Aerial Images,,,keep_as_proxy,,,paper_n=3 < 4; effective_baseline_n=0 < 1; dataset+repo=0 < 1; no_dataset_or_data_gap_note; no_paper_no_dataset_no_repo_no_baseline,,,,,,openalex,insulator insulator fault detection YOLO survey,
ENG-THESIS-040,基于改进YOLO网络与极限学习机的绝缘子故障检测,re09_fresh,weak,paper,https://openalex.org/W4324061701,YOLO-Based UAV Technology: A Review of the Research and Its Applications,,,keep_as_proxy,,,paper_n=3 < 4; effective_baseline_n=0 < 1; dataset+repo=0 < 1; no_dataset_or_data_gap_note; no_paper_no_dataset_no_repo_no_baseline,,,,,,openalex,X YOLO insulator,
ENG-THESIS-040,基于改进YOLO网络与极限学习机的绝缘子故障检测,re09_fresh,weak,paper,https://openalex.org/W4324061701,YOLO-Based UAV Technology: A Review of the Research and Its Applications,,,keep_as_proxy,,,paper_n=3 < 4; effective_baseline_n=0 < 1; dataset+repo=0 < 1; no_dataset_or_data_gap_note; no_paper_no_dataset_no_repo_no_baseline,,,,,,openalex,X YOLO insulator,
ENG-THESIS-040,基于改进YOLO网络与极限学习机的绝缘子故障检测,re09_fresh,weak,paper,https://openalex.org/W4383346970,Insulator defect detection with deep learning: A survey,,,keep_as_proxy,,,paper_n=3 < 4; effective_baseline_n=0 < 1; dataset+repo=0 < 1; no_dataset_or_data_gap_note; no_paper_no_dataset_no_repo_no_baseline,,,,,,openalex,insulator insulator fault detection YOLO survey,
ENG-THESIS-040,基于改进YOLO网络与极限学习机的绝缘子故障检测,re09_fresh,weak,paper,https://openalex.org/W4400266963,YOLO advances to its genesis: a decadal and comprehensive review of the You Only Look Once (YOLO) series,,,keep_as_proxy,,,paper_n=3 < 4; effective_baseline_n=0 < 1; dataset+repo=0 < 1; no_dataset_or_data_gap_note; no_paper_no_dataset_no_repo_no_baseline,,,,,,openalex,X YOLO insulator,
ENG-THESIS-040,基于改进YOLO网络与极限学习机的绝缘子故障检测,re09_fresh,weak,paper,https://openalex.org/W4400266963,YOLO advances to its genesis: a decadal and comprehensive review of the You Only Look Once (YOLO) series,,,keep_as_proxy,,,paper_n=3 < 4; effective_baseline_n=0 < 1; dataset+repo=0 < 1; no_dataset_or_data_gap_note; no_paper_no_dataset_no_repo_no_baseline,,,,,,openalex,X YOLO insulator,
ENG-THESIS-040,基于改进YOLO网络与极限学习机的绝缘子故障检测,re09_fresh,weak,paper,https://openalex.org/W4405446156,"The YOLO Framework: A Comprehensive Review of Evolution, Applications, and Benchmarks in Object Detection",,,keep_as_proxy,,,paper_n=3 < 4; effective_baseline_n=0 < 1; dataset+repo=0 < 1; no_dataset_or_data_gap_note; no_paper_no_dataset_no_repo_no_baseline,,,,,,openalex,insulator insulator fault detection YOLO survey,
ENG-THESIS-040,基于改进YOLO网络与极限学习机的绝缘子故障检测,re09_fresh,weak,paper,https://openalex.org/W4405446156,"The YOLO Framework: A Comprehensive Review of Evolution, Applications, and Benchmarks in Object Detection",,,keep_as_proxy,,,paper_n=3 < 4; effective_baseline_n=0 < 1; dataset+repo=0 < 1; no_dataset_or_data_gap_note; no_paper_no_dataset_no_repo_no_baseline,,,,,,openalex,X YOLO insulator,
ENG-THESIS-040,基于改进YOLO网络与极限学习机的绝缘子故障检测,re09_fresh,weak,paper,https://openalex.org/W4405446156,"The YOLO Framework: A Comprehensive Review of Evolution, Applications, and Benchmarks in Object Detection",,,keep_as_proxy,,,paper_n=3 < 4; effective_baseline_n=0 < 1; dataset+repo=0 < 1; no_dataset_or_data_gap_note; no_paper_no_dataset_no_repo_no_baseline,,,,,,openalex,X YOLO insulator,
ENG-THESIS-043,基于无人机平台的动态目标检测系统开发,re09_fresh,fail,paper,https://openalex.org/W2983056308,A Review on UAV-Based Applications for Precision Agriculture,,,keep_as_proxy,,,paper_n=3 < 4; effective_baseline_n=0 < 1; dataset+repo=0 < 1; no_dataset_or_data_gap_note; no_paper_no_dataset_no_repo_no_baseline,,,,,,openalex,UAV aerial imagery X detection,
ENG-THESIS-043,基于无人机平台的动态目标检测系统开发,re09_fresh,fail,paper,https://openalex.org/W2983056308,A Review on UAV-Based Applications for Precision Agriculture,,,keep_as_proxy,,,paper_n=3 < 4; effective_baseline_n=0 < 1; dataset+repo=0 < 1; no_dataset_or_data_gap_note; no_paper_no_dataset_no_repo_no_baseline,,,,,,openalex,UAV aerial imagery X detection,
ENG-THESIS-043,基于无人机平台的动态目标检测系统开发,re09_fresh,fail,paper,https://openalex.org/W4213147678,Unmanned Aerial Vehicles (UAVs): A Survey on Civil Applications and Key Research Challenges,,,keep_as_proxy,,,paper_n=3 < 4; effective_baseline_n=0 < 1; dataset+repo=0 < 1; no_dataset_or_data_gap_note; no_paper_no_dataset_no_repo_no_baseline,,,,,,openalex,UAV aerial imagery X detection,
ENG-THESIS-043,基于无人机平台的动态目标检测系统开发,re09_fresh,fail,paper,https://openalex.org/W4213147678,Unmanned Aerial Vehicles (UAVs): A Survey on Civil Applications and Key Research Challenges,,,keep_as_proxy,,,paper_n=3 < 4; effective_baseline_n=0 < 1; dataset+repo=0 < 1; no_dataset_or_data_gap_note; no_paper_no_dataset_no_repo_no_baseline,,,,,,openalex,UAV aerial imagery X detection,
ENG-THESIS-043,基于无人机平台的动态目标检测系统开发,re09_fresh,fail,paper,https://openalex.org/W4372279253,A Modified YOLOv8 Detection Network for UAV Aerial Image Recognition,,,keep_as_proxy,,,paper_n=3 < 4; effective_baseline_n=0 < 1; dataset+repo=0 < 1; no_dataset_or_data_gap_note; no_paper_no_dataset_no_repo_no_baseline,,,,,,openalex,UAV aerial imagery dynamic object detection YOLOv8 survey,
ENG-THESIS-043,基于无人机平台的动态目标检测系统开发,re09_fresh,fail,paper,https://openalex.org/W4372279253,A Modified YOLOv8 Detection Network for UAV Aerial Image Recognition,,,keep_as_proxy,,,paper_n=3 < 4; effective_baseline_n=0 < 1; dataset+repo=0 < 1; no_dataset_or_data_gap_note; no_paper_no_dataset_no_repo_no_baseline,,,,,,openalex,X YOLOv8 UAV aerial imagery,
ENG-THESIS-043,基于无人机平台的动态目标检测系统开发,re09_fresh,fail,paper,https://openalex.org/W4372279253,A Modified YOLOv8 Detection Network for UAV Aerial Image Recognition,,,keep_as_proxy,,,paper_n=3 < 4; effective_baseline_n=0 < 1; dataset+repo=0 < 1; no_dataset_or_data_gap_note; no_paper_no_dataset_no_repo_no_baseline,,,,,,openalex,X YOLOv8 UAV aerial imagery,
ENG-THESIS-043,基于无人机平台的动态目标检测系统开发,re09_fresh,fail,paper,https://openalex.org/W4385839827,UAV-YOLOv8: A Small-Object-Detection Model Based on Improved YOLOv8 for UAV Aerial Photography Scenarios,,,keep_as_proxy,,,paper_n=3 < 4; effective_baseline_n=0 < 1; dataset+repo=0 < 1; no_dataset_or_data_gap_note; no_paper_no_dataset_no_repo_no_baseline,,,,,,openalex,UAV aerial imagery dynamic object detection YOLOv8 survey,
ENG-THESIS-043,基于无人机平台的动态目标检测系统开发,re09_fresh,fail,paper,https://openalex.org/W4385839827,UAV-YOLOv8: A Small-Object-Detection Model Based on Improved YOLOv8 for UAV Aerial Photography Scenarios,,,keep_as_proxy,,,paper_n=3 < 4; effective_baseline_n=0 < 1; dataset+repo=0 < 1; no_dataset_or_data_gap_note; no_paper_no_dataset_no_repo_no_baseline,,,,,,openalex,UAV aerial imagery X detection,
ENG-THESIS-043,基于无人机平台的动态目标检测系统开发,re09_fresh,fail,paper,https://openalex.org/W4385839827,UAV-YOLOv8: A Small-Object-Detection Model Based on Improved YOLOv8 for UAV Aerial Photography Scenarios,,,keep_as_proxy,,,paper_n=3 < 4; effective_baseline_n=0 < 1; dataset+repo=0 < 1; no_dataset_or_data_gap_note; no_paper_no_dataset_no_repo_no_baseline,,,,,,openalex,X YOLOv8 UAV aerial imagery,
ENG-THESIS-043,基于无人机平台的动态目标检测系统开发,re09_fresh,fail,paper,https://openalex.org/W4385839827,UAV-YOLOv8: A Small-Object-Detection Model Based on Improved YOLOv8 for UAV Aerial Photography Scenarios,,,keep_as_proxy,,,paper_n=3 < 4; effective_baseline_n=0 < 1; dataset+repo=0 < 1; no_dataset_or_data_gap_note; no_paper_no_dataset_no_repo_no_baseline,,,,,,openalex,UAV aerial imagery X detection,
ENG-THESIS-043,基于无人机平台的动态目标检测系统开发,re09_fresh,fail,paper,https://openalex.org/W4385839827,UAV-YOLOv8: A Small-Object-Detection Model Based on Improved YOLOv8 for UAV Aerial Photography Scenarios,,,keep_as_proxy,,,paper_n=3 < 4; effective_baseline_n=0 < 1; dataset+repo=0 < 1; no_dataset_or_data_gap_note; no_paper_no_dataset_no_repo_no_baseline,,,,,,openalex,X YOLOv8 UAV aerial imagery,
ENG-THESIS-043,基于无人机平台的动态目标检测系统开发,re09_fresh,fail,paper,https://openalex.org/W4386303392,YOLO-Drone: An Optimized YOLOv8 Network for Tiny UAV Object Detection,,,keep_as_proxy,,,paper_n=3 < 4; effective_baseline_n=0 < 1; dataset+repo=0 < 1; no_dataset_or_data_gap_note; no_paper_no_dataset_no_repo_no_baseline,,,,,,openalex,UAV aerial imagery dynamic object detection YOLOv8 survey,
ENG-THESIS-043,基于无人机平台的动态目标检测系统开发,re09_fresh,fail,paper,https://openalex.org/W4402865423,SOD-YOLOv8—Enhancing YOLOv8 for Small Object Detection in Aerial Imagery and Traffic Scenes,,,keep_as_proxy,,,paper_n=3 < 4; effective_baseline_n=0 < 1; dataset+repo=0 < 1; no_dataset_or_data_gap_note; no_paper_no_dataset_no_repo_no_baseline,,,,,,openalex,X YOLOv8 UAV aerial imagery,
ENG-THESIS-043,基于无人机平台的动态目标检测系统开发,re09_fresh,fail,paper,https://openalex.org/W4402865423,SOD-YOLOv8—Enhancing YOLOv8 for Small Object Detection in Aerial Imagery and Traffic Scenes,,,keep_as_proxy,,,paper_n=3 < 4; effective_baseline_n=0 < 1; dataset+repo=0 < 1; no_dataset_or_data_gap_note; no_paper_no_dataset_no_repo_no_baseline,,,,,,openalex,X YOLOv8 UAV aerial imagery,
ENG-THESIS-048,面向动态环境的视觉SLAM研究,re09_fresh,fail,paper,https://openalex.org/W2090518410,SIFT Flow: Dense Correspondence across Scenes and Its Applications,,,keep_as_proxy,,,paper_n=0 < 4; effective_baseline_n=0 < 1; dataset+repo=0 < 1; no_dataset_or_data_gap_note; no_paper_no_dataset_no_repo_no_baseline; object_axis_missing; scenario_axis_missing,,,,,,openalex,dynamic scene X detection,
ENG-THESIS-048,面向动态环境的视觉SLAM研究,re09_fresh,fail,paper,https://openalex.org/W2090518410,SIFT Flow: Dense Correspondence across Scenes and Its Applications,,,keep_as_proxy,,,paper_n=0 < 4; effective_baseline_n=0 < 1; dataset+repo=0 < 1; no_dataset_or_data_gap_note; no_paper_no_dataset_no_repo_no_baseline; object_axis_missing; scenario_axis_missing,,,,,,openalex,dynamic scene X detection,
ENG-THESIS-048,面向动态环境的视觉SLAM研究,re09_fresh,fail,paper,https://openalex.org/W2621274416,Visual SLAM algorithms: a survey from 2010 to 2016,,,keep_as_proxy,,,paper_n=0 < 4; effective_baseline_n=0 < 1; dataset+repo=0 < 1; no_dataset_or_data_gap_note; no_paper_no_dataset_no_repo_no_baseline; object_axis_missing; scenario_axis_missing,,,,,,openalex,X ORB-SLAM dynamic scene,
ENG-THESIS-048,面向动态环境的视觉SLAM研究,re09_fresh,fail,paper,https://openalex.org/W2621274416,Visual SLAM algorithms: a survey from 2010 to 2016,,,keep_as_proxy,,,paper_n=0 < 4; effective_baseline_n=0 < 1; dataset+repo=0 < 1; no_dataset_or_data_gap_note; no_paper_no_dataset_no_repo_no_baseline; object_axis_missing; scenario_axis_missing,,,,,,openalex,X ORB-SLAM dynamic scene,
ENG-THESIS-048,面向动态环境的视觉SLAM研究,re09_fresh,fail,paper,https://openalex.org/W2736611505,Deep high dynamic range imaging of dynamic scenes,,,keep_as_proxy,,,paper_n=0 < 4; effective_baseline_n=0 < 1; dataset+repo=0 < 1; no_dataset_or_data_gap_note; no_paper_no_dataset_no_repo_no_baseline; object_axis_missing; scenario_axis_missing,,,,,,openalex,dynamic scene X detection,
ENG-THESIS-048,面向动态环境的视觉SLAM研究,re09_fresh,fail,paper,https://openalex.org/W2736611505,Deep high dynamic range imaging of dynamic scenes,,,keep_as_proxy,,,paper_n=0 < 4; effective_baseline_n=0 < 1; dataset+repo=0 < 1; no_dataset_or_data_gap_note; no_paper_no_dataset_no_repo_no_baseline; object_axis_missing; scenario_axis_missing,,,,,,openalex,dynamic scene X detection,
ENG-THESIS-048,面向动态环境的视觉SLAM研究,re09_fresh,fail,paper,https://openalex.org/W2979750740,Dynamic Graph CNN for Learning on Point Clouds,,,keep_as_proxy,,,paper_n=0 < 4; effective_baseline_n=0 < 1; dataset+repo=0 < 1; no_dataset_or_data_gap_note; no_paper_no_dataset_no_repo_no_baseline; object_axis_missing; scenario_axis_missing,,,,,,openalex,dynamic scene X detection,
ENG-THESIS-048,面向动态环境的视觉SLAM研究,re09_fresh,fail,paper,https://openalex.org/W2979750740,Dynamic Graph CNN for Learning on Point Clouds,,,keep_as_proxy,,,paper_n=0 < 4; effective_baseline_n=0 < 1; dataset+repo=0 < 1; no_dataset_or_data_gap_note; no_paper_no_dataset_no_repo_no_baseline; object_axis_missing; scenario_axis_missing,,,,,,openalex,dynamic scene X detection,
ENG-THESIS-048,面向动态环境的视觉SLAM研究,re09_fresh,fail,paper,https://openalex.org/W3043971245,"ORB-SLAM3: An Accurate Open-Source Library for Visual, Visual–Inertial, and Multimap SLAM",,,keep_as_proxy,,,paper_n=0 < 4; effective_baseline_n=0 < 1; dataset+repo=0 < 1; no_dataset_or_data_gap_note; no_paper_no_dataset_no_repo_no_baseline; object_axis_missing; scenario_axis_missing,,,,,,openalex,X ORB-SLAM dynamic scene,
ENG-THESIS-048,面向动态环境的视觉SLAM研究,re09_fresh,fail,paper,https://openalex.org/W3043971245,"ORB-SLAM3: An Accurate Open-Source Library for Visual, Visual–Inertial, and Multimap SLAM",,,keep_as_proxy,,,paper_n=0 < 4; effective_baseline_n=0 < 1; dataset+repo=0 < 1; no_dataset_or_data_gap_note; no_paper_no_dataset_no_repo_no_baseline; object_axis_missing; scenario_axis_missing,,,,,,openalex,X ORB-SLAM dynamic scene,
ENG-THESIS-048,面向动态环境的视觉SLAM研究,re09_fresh,fail,paper,https://openalex.org/W3120564201,RDS-SLAM: Real-Time Dynamic SLAM Using Semantic Segmentation Methods,,,keep_as_proxy,,,paper_n=0 < 4; effective_baseline_n=0 < 1; dataset+repo=0 < 1; no_dataset_or_data_gap_note; no_paper_no_dataset_no_repo_no_baseline; object_axis_missing; scenario_axis_missing,,,,,,openalex,X ORB-SLAM dynamic scene,
ENG-THESIS-048,面向动态环境的视觉SLAM研究,re09_fresh,fail,paper,https://openalex.org/W3120564201,RDS-SLAM: Real-Time Dynamic SLAM Using Semantic Segmentation Methods,,,keep_as_proxy,,,paper_n=0 < 4; effective_baseline_n=0 < 1; dataset+repo=0 < 1; no_dataset_or_data_gap_note; no_paper_no_dataset_no_repo_no_baseline; object_axis_missing; scenario_axis_missing,,,,,,openalex,X ORB-SLAM dynamic scene,
ENG-THESIS-066,面向自动驾驶中多模态融合感知算法的攻击和防御,re09_fresh,weak,paper,https://openalex.org/W2783963507,Planning and Decision-Making for Autonomous Vehicles,,,keep_as_proxy,,,paper_n=3 < 4; effective_baseline_n=0 < 1; dataset+repo=0 < 1; no_dataset_or_data_gap_note; no_paper_no_dataset_no_repo_no_baseline,,,,,,openalex,autonomous vehicle X detection,
ENG-THESIS-066,面向自动驾驶中多模态融合感知算法的攻击和防御,re09_fresh,weak,paper,https://openalex.org/W2783963507,Planning and Decision-Making for Autonomous Vehicles,,,keep_as_proxy,,,paper_n=3 < 4; effective_baseline_n=0 < 1; dataset+repo=0 < 1; no_dataset_or_data_gap_note; no_paper_no_dataset_no_repo_no_baseline,,,,,,openalex,X multimodal sensor fusion autonomous vehicle,
ENG-THESIS-066,面向自动驾驶中多模态融合感知算法的攻击和防御,re09_fresh,weak,paper,https://openalex.org/W2783963507,Planning and Decision-Making for Autonomous Vehicles,,,keep_as_proxy,,,paper_n=3 < 4; effective_baseline_n=0 < 1; dataset+repo=0 < 1; no_dataset_or_data_gap_note; no_paper_no_dataset_no_repo_no_baseline,,,,,,openalex,autonomous vehicle X detection,
ENG-THESIS-066,面向自动驾驶中多模态融合感知算法的攻击和防御,re09_fresh,weak,paper,https://openalex.org/W2783963507,Planning and Decision-Making for Autonomous Vehicles,,,keep_as_proxy,,,paper_n=3 < 4; effective_baseline_n=0 < 1; dataset+repo=0 < 1; no_dataset_or_data_gap_note; no_paper_no_dataset_no_repo_no_baseline,,,,,,openalex,X multimodal sensor fusion autonomous vehicle,
ENG-THESIS-066,面向自动驾驶中多模态融合感知算法的攻击和防御,re09_fresh,weak,paper,https://openalex.org/W2897529137,SECOND: Sparsely Embedded Convolutional Detection,,,keep_as_proxy,,,paper_n=3 < 4; effective_baseline_n=0 < 1; dataset+repo=0 < 1; no_dataset_or_data_gap_note; no_paper_no_dataset_no_repo_no_baseline,,,,,,openalex,autonomous vehicle X detection,
ENG-THESIS-066,面向自动驾驶中多模态融合感知算法的攻击和防御,re09_fresh,weak,paper,https://openalex.org/W2897529137,SECOND: Sparsely Embedded Convolutional Detection,,,keep_as_proxy,,,paper_n=3 < 4; effective_baseline_n=0 < 1; dataset+repo=0 < 1; no_dataset_or_data_gap_note; no_paper_no_dataset_no_repo_no_baseline,,,,,,openalex,autonomous vehicle X detection,
ENG-THESIS-066,面向自动驾驶中多模态融合感知算法的攻击和防御,re09_fresh,weak,paper,https://openalex.org/W2953303875,A Survey of Autonomous Driving: <i>Common Practices and Emerging Technologies</i>,,,keep_as_proxy,,,paper_n=3 < 4; effective_baseline_n=0 < 1; dataset+repo=0 < 1; no_dataset_or_data_gap_note; no_paper_no_dataset_no_repo_no_baseline,,,,,,openalex,autonomous vehicle object detection multimodal sensor fusion survey,
ENG-THESIS-066,面向自动驾驶中多模态融合感知算法的攻击和防御,re09_fresh,weak,paper,https://openalex.org/W2972006294,A Survey of Deep Learning-Based Object Detection,,,keep_as_proxy,,,paper_n=3 < 4; effective_baseline_n=0 < 1; dataset+repo=0 < 1; no_dataset_or_data_gap_note; no_paper_no_dataset_no_repo_no_baseline,,,,,,openalex,autonomous vehicle object detection multimodal sensor fusion survey,
ENG-THESIS-066,面向自动驾驶中多模态融合感知算法的攻击和防御,re09_fresh,weak,paper,https://openalex.org/W3045897451,Deep Learning Sensor Fusion for Autonomous Vehicle Perception and Localization: A Review,,,keep_as_proxy,,,paper_n=3 < 4; effective_baseline_n=0 < 1; dataset+repo=0 < 1; no_dataset_or_data_gap_note; no_paper_no_dataset_no_repo_no_baseline,,,,,,openalex,X multimodal sensor fusion autonomous vehicle,
ENG-THESIS-066,面向自动驾驶中多模态融合感知算法的攻击和防御,re09_fresh,weak,paper,https://openalex.org/W3045897451,Deep Learning Sensor Fusion for Autonomous Vehicle Perception and Localization: A Review,,,keep_as_proxy,,,paper_n=3 < 4; effective_baseline_n=0 < 1; dataset+repo=0 < 1; no_dataset_or_data_gap_note; no_paper_no_dataset_no_repo_no_baseline,,,,,,openalex,X multimodal sensor fusion autonomous vehicle,
ENG-THESIS-066,面向自动驾驶中多模态融合感知算法的攻击和防御,re09_fresh,weak,paper,https://openalex.org/W3135991645,Sensor and Sensor Fusion Technology in Autonomous Vehicles: A Review,,,keep_as_proxy,,,paper_n=3 < 4; effective_baseline_n=0 < 1; dataset+repo=0 < 1; no_dataset_or_data_gap_note; no_paper_no_dataset_no_repo_no_baseline,,,,,,openalex,autonomous vehicle object detection multimodal sensor fusion survey,
ENG-THESIS-066,面向自动驾驶中多模态融合感知算法的攻击和防御,re09_fresh,weak,paper,https://openalex.org/W3135991645,Sensor and Sensor Fusion Technology in Autonomous Vehicles: A Review,,,keep_as_proxy,,,paper_n=3 < 4; effective_baseline_n=0 < 1; dataset+repo=0 < 1; no_dataset_or_data_gap_note; no_paper_no_dataset_no_repo_no_baseline,,,,,,openalex,autonomous vehicle X detection,
ENG-THESIS-066,面向自动驾驶中多模态融合感知算法的攻击和防御,re09_fresh,weak,paper,https://openalex.org/W3135991645,Sensor and Sensor Fusion Technology in Autonomous Vehicles: A Review,,,keep_as_proxy,,,paper_n=3 < 4; effective_baseline_n=0 < 1; dataset+repo=0 < 1; no_dataset_or_data_gap_note; no_paper_no_dataset_no_repo_no_baseline,,,,,,openalex,X multimodal sensor fusion autonomous vehicle,
ENG-THESIS-066,面向自动驾驶中多模态融合感知算法的攻击和防御,re09_fresh,weak,paper,https://openalex.org/W3135991645,Sensor and Sensor Fusion Technology in Autonomous Vehicles: A Review,,,keep_as_proxy,,,paper_n=3 < 4; effective_baseline_n=0 < 1; dataset+repo=0 < 1; no_dataset_or_data_gap_note; no_paper_no_dataset_no_repo_no_baseline,,,,,,openalex,autonomous vehicle X detection,
ENG-THESIS-066,面向自动驾驶中多模态融合感知算法的攻击和防御,re09_fresh,weak,paper,https://openalex.org/W3135991645,Sensor and Sensor Fusion Technology in Autonomous Vehicles: A Review,,,keep_as_proxy,,,paper_n=3 < 4; effective_baseline_n=0 < 1; dataset+repo=0 < 1; no_dataset_or_data_gap_note; no_paper_no_dataset_no_repo_no_baseline,,,,,,openalex,X multimodal sensor fusion autonomous vehicle,
ENG-THESIS-073,面向汽车自动驾驶的模拟图像生成技术及应用研究,re09_fresh,weak,paper,https://openalex.org/W1483870316,"You Only Look Once: Unified, Real-Time Object Detection",,,keep_as_proxy,,,paper_n=3 < 4; effective_baseline_n=0 < 1; dataset+repo=0 < 1; no_dataset_or_data_gap_note; no_paper_no_dataset_no_repo_no_baseline,,,,,,openalex,driving scene X detection,
ENG-THESIS-073,面向汽车自动驾驶的模拟图像生成技术及应用研究,re09_fresh,weak,paper,https://openalex.org/W1483870316,"You Only Look Once: Unified, Real-Time Object Detection",,,keep_as_proxy,,,paper_n=3 < 4; effective_baseline_n=0 < 1; dataset+repo=0 < 1; no_dataset_or_data_gap_note; no_paper_no_dataset_no_repo_no_baseline,,,,,,openalex,driving scene X detection,
ENG-THESIS-073,面向汽车自动驾驶的模拟图像生成技术及应用研究,re09_fresh,weak,paper,https://openalex.org/W2888307014,DeepRoad: GAN-based metamorphic testing and input validation framework for autonomous driving systems,,,keep_as_proxy,,,paper_n=3 < 4; effective_baseline_n=0 < 1; dataset+repo=0 < 1; no_dataset_or_data_gap_note; no_paper_no_dataset_no_repo_no_baseline,,,,,,openalex,X GAN driving scene,
ENG-THESIS-073,面向汽车自动驾驶的模拟图像生成技术及应用研究,re09_fresh,weak,paper,https://openalex.org/W2888307014,DeepRoad: GAN-based metamorphic testing and input validation framework for autonomous driving systems,,,keep_as_proxy,,,paper_n=3 < 4; effective_baseline_n=0 < 1; dataset+repo=0 < 1; no_dataset_or_data_gap_note; no_paper_no_dataset_no_repo_no_baseline,,,,,,openalex,X GAN driving scene,
ENG-THESIS-073,面向汽车自动驾驶的模拟图像生成技术及应用研究,re09_fresh,weak,paper,https://openalex.org/W2952402617,Scenic: a language for scenario specification and scene generation,,,keep_as_proxy,,,paper_n=3 < 4; effective_baseline_n=0 < 1; dataset+repo=0 < 1; no_dataset_or_data_gap_note; no_paper_no_dataset_no_repo_no_baseline,,,,,,openalex,driving scene simulated image generation GAN survey,
ENG-THESIS-073,面向汽车自动驾驶的模拟图像生成技术及应用研究,re09_fresh,weak,paper,https://openalex.org/W2954996726,A survey on Image Data Augmentation for Deep Learning,,,keep_as_proxy,,,paper_n=3 < 4; effective_baseline_n=0 < 1; dataset+repo=0 < 1; no_dataset_or_data_gap_note; no_paper_no_dataset_no_repo_no_baseline,,,,,,openalex,driving scene simulated image generation GAN survey,
ENG-THESIS-073,面向汽车自动驾驶的模拟图像生成技术及应用研究,re09_fresh,weak,paper,https://openalex.org/W2954996726,A survey on Image Data Augmentation for Deep Learning,,,keep_as_proxy,,,paper_n=3 < 4; effective_baseline_n=0 < 1; dataset+repo=0 < 1; no_dataset_or_data_gap_note; no_paper_no_dataset_no_repo_no_baseline,,,,,,openalex,X GAN driving scene,
ENG-THESIS-073,面向汽车自动驾驶的模拟图像生成技术及应用研究,re09_fresh,weak,paper,https://openalex.org/W2954996726,A survey on Image Data Augmentation for Deep Learning,,,keep_as_proxy,,,paper_n=3 < 4; effective_baseline_n=0 < 1; dataset+repo=0 < 1; no_dataset_or_data_gap_note; no_paper_no_dataset_no_repo_no_baseline,,,,,,openalex,X GAN driving scene,
ENG-THESIS-073,面向汽车自动驾驶的模拟图像生成技术及应用研究,re09_fresh,weak,paper,https://openalex.org/W2972006294,A Survey of Deep Learning-Based Object Detection,,,keep_as_proxy,,,paper_n=3 < 4; effective_baseline_n=0 < 1; dataset+repo=0 < 1; no_dataset_or_data_gap_note; no_paper_no_dataset_no_repo_no_baseline,,,,,,openalex,driving scene simulated image generation GAN survey,
ENG-THESIS-073,面向汽车自动驾驶的模拟图像生成技术及应用研究,re09_fresh,weak,paper,https://openalex.org/W2988916019,Deep Learning for Generic Object Detection: A Survey,,,keep_as_proxy,,,paper_n=3 < 4; effective_baseline_n=0 < 1; dataset+repo=0 < 1; no_dataset_or_data_gap_note; no_paper_no_dataset_no_repo_no_baseline,,,,,,openalex,driving scene X detection,
ENG-THESIS-073,面向汽车自动驾驶的模拟图像生成技术及应用研究,re09_fresh,weak,paper,https://openalex.org/W2988916019,Deep Learning for Generic Object Detection: A Survey,,,keep_as_proxy,,,paper_n=3 < 4; effective_baseline_n=0 < 1; dataset+repo=0 < 1; no_dataset_or_data_gap_note; no_paper_no_dataset_no_repo_no_baseline,,,,,,openalex,driving scene X detection,
ENG-THESIS-073,面向汽车自动驾驶的模拟图像生成技术及应用研究,re09_fresh,weak,paper,https://openalex.org/W2998621280,Real-Time Scene Text Detection with Differentiable Binarization,,,keep_as_proxy,,,paper_n=3 < 4; effective_baseline_n=0 < 1; dataset+repo=0 < 1; no_dataset_or_data_gap_note; no_paper_no_dataset_no_repo_no_baseline,,,,,,openalex,driving scene X detection,
ENG-THESIS-073,面向汽车自动驾驶的模拟图像生成技术及应用研究,re09_fresh,weak,paper,https://openalex.org/W2998621280,Real-Time Scene Text Detection with Differentiable Binarization,,,keep_as_proxy,,,paper_n=3 < 4; effective_baseline_n=0 < 1; dataset+repo=0 < 1; no_dataset_or_data_gap_note; no_paper_no_dataset_no_repo_no_baseline,,,,,,openalex,driving scene X detection,
ENG-THESIS-073,面向汽车自动驾驶的模拟图像生成技术及应用研究,re09_fresh,weak,paper,https://openalex.org/W3022140654,"Remote Sensing Image Scene Classification Meets Deep Learning: Challenges, Methods, Benchmarks, and Opportunities",,,keep_as_proxy,,,paper_n=3 < 4; effective_baseline_n=0 < 1; dataset+repo=0 < 1; no_dataset_or_data_gap_note; no_paper_no_dataset_no_repo_no_baseline,,,,,,openalex,X GAN driving scene,
ENG-THESIS-073,面向汽车自动驾驶的模拟图像生成技术及应用研究,re09_fresh,weak,paper,https://openalex.org/W3022140654,"Remote Sensing Image Scene Classification Meets Deep Learning: Challenges, Methods, Benchmarks, and Opportunities",,,keep_as_proxy,,,paper_n=3 < 4; effective_baseline_n=0 < 1; dataset+repo=0 < 1; no_dataset_or_data_gap_note; no_paper_no_dataset_no_repo_no_baseline,,,,,,openalex,X GAN driving scene,
ENG-THESIS-075,基于深度学习的混凝土路面裂缝检测研究,re09_fresh,fail,paper,2111.10101v3,Deep Domain Adaptation for Pavement Crack Detection,,,keep_as_proxy,,,effective_baseline_n=0 < 1; dataset+repo=0 < 1; no_dataset_or_data_gap_note,http://arxiv.org/abs/2111.10101v3,,2021,,"Huijun Liu, Chunhua Yang, Ao Li, Sheng Huang, Xin Feng, Zhimin Ruan, Yongxin Ge",arxiv,concrete pavement crack detection deep learning survey,
ENG-THESIS-075,基于深度学习的混凝土路面裂缝检测研究,re09_fresh,fail,paper,2111.10101v3,Deep Domain Adaptation for Pavement Crack Detection,,,keep_as_proxy,,,effective_baseline_n=0 < 1; dataset+repo=0 < 1; no_dataset_or_data_gap_note,http://arxiv.org/abs/2111.10101v3,,2021,,"Huijun Liu, Chunhua Yang, Ao Li, Sheng Huang, Xin Feng, Zhimin Ruan, Yongxin Ge",arxiv,concrete pavement crack detection benchmark paper,
ENG-THESIS-075,基于深度学习的混凝土路面裂缝检测研究,re09_fresh,fail,paper,2205.01198v1,NHA12D: A New Pavement Crack Dataset and a Comparison Study Of Crack Detection Algorithms,,,keep_as_proxy,,,effective_baseline_n=0 < 1; dataset+repo=0 < 1; no_dataset_or_data_gap_note,http://arxiv.org/abs/2205.01198v1,,2022,,"Zhening Huang, Weiwei Chen, Abir Al-Tabbaa, Ioannis Brilakis",arxiv,concrete pavement crack detection benchmark paper,
ENG-THESIS-075,基于深度学习的混凝土路面裂缝检测研究,re09_fresh,fail,paper,2302.10473v6,Oriented object detection in optical remote sensing images using deep learning: a survey,,,keep_as_proxy,,,effective_baseline_n=0 < 1; dataset+repo=0 < 1; no_dataset_or_data_gap_note,http://arxiv.org/abs/2302.10473v6,,2023,,"Kun Wang, Zi Wang, Zhang Li, Ang Su, Xichao Teng, Erting Pan, Minhao Liu, Qifeng Yu",arxiv,concrete pavement crack detection deep learning survey,
ENG-THESIS-075,基于深度学习的混凝土路面裂缝检测研究,re09_fresh,fail,paper,2501.11836v1,Data-driven Detection and Evaluation of Damages in Concrete Structures: Using Deep Learning and Computer Vision,,,keep_as_proxy,,,effective_baseline_n=0 < 1; dataset+repo=0 < 1; no_dataset_or_data_gap_note,http://arxiv.org/abs/2501.11836v1,,2025,,"Saeid Ataei, Saeed Adibnazari, Seyyed Taghi Ataei",arxiv,concrete pavement crack detection deep learning survey,
ENG-THESIS-075,基于深度学习的混凝土路面裂缝检测研究,re09_fresh,fail,paper,cond-mat,This paper has been withdrawn,,,keep_as_proxy,,,effective_baseline_n=0 < 1; dataset+repo=0 < 1; no_dataset_or_data_gap_note,http://arxiv.org/abs/cond-mat/0309395v2,,2003,,This paper has been withdrawn,arxiv,concrete pavement crack detection benchmark paper,
ENG-THESIS-075,基于深度学习的混凝土路面裂缝检测研究,re09_fresh,fail,paper,https://openalex.org/W2598457882,Deep Learning‐Based Crack Damage Detection Using Convolutional Neural Networks,,,keep_as_proxy,,,effective_baseline_n=0 < 1; dataset+repo=0 < 1; no_dataset_or_data_gap_note,,,,,,openalex,concrete pavement X detection,
ENG-THESIS-075,基于深度学习的混凝土路面裂缝检测研究,re09_fresh,fail,paper,https://openalex.org/W2598457882,Deep Learning‐Based Crack Damage Detection Using Convolutional Neural Networks,,,keep_as_proxy,,,effective_baseline_n=0 < 1; dataset+repo=0 < 1; no_dataset_or_data_gap_note,,,,,,openalex,X deep learning concrete pavement,
ENG-THESIS-075,基于深度学习的混凝土路面裂缝检测研究,re09_fresh,fail,paper,https://openalex.org/W2598457882,Deep Learning‐Based Crack Damage Detection Using Convolutional Neural Networks,,,keep_as_proxy,,,effective_baseline_n=0 < 1; dataset+repo=0 < 1; no_dataset_or_data_gap_note,,,,,,openalex,concrete pavement X detection,
ENG-THESIS-075,基于深度学习的混凝土路面裂缝检测研究,re09_fresh,fail,paper,https://openalex.org/W2598457882,Deep Learning‐Based Crack Damage Detection Using Convolutional Neural Networks,,,keep_as_proxy,,,effective_baseline_n=0 < 1; dataset+repo=0 < 1; no_dataset_or_data_gap_note,,,,,,openalex,X deep learning concrete pavement,
ENG-THESIS-075,基于深度学习的混凝土路面裂缝检测研究,re09_fresh,fail,paper,https://openalex.org/W2752810206,A review on automated pavement distress detection methods,,,keep_as_proxy,,,effective_baseline_n=0 < 1; dataset+repo=0 < 1; no_dataset_or_data_gap_note,,,,,,openalex,concrete pavement X detection,
ENG-THESIS-075,基于深度学习的混凝土路面裂缝检测研究,re09_fresh,fail,paper,https://openalex.org/W2752810206,A review on automated pavement distress detection methods,,,keep_as_proxy,,,effective_baseline_n=0 < 1; dataset+repo=0 < 1; no_dataset_or_data_gap_note,,,,,,openalex,concrete pavement X detection,
ENG-THESIS-075,基于深度学习的混凝土路面裂缝检测研究,re09_fresh,fail,paper,https://openalex.org/W2896613037,Automated Vision-Based Detection of Cracks on Concrete Surfaces Using a Deep Learning Technique,,,keep_as_proxy,,,effective_baseline_n=0 < 1; dataset+repo=0 < 1; no_dataset_or_data_gap_note,,,,,,openalex,X deep learning concrete pavement,
ENG-THESIS-075,基于深度学习的混凝土路面裂缝检测研究,re09_fresh,fail,paper,https://openalex.org/W2896613037,Automated Vision-Based Detection of Cracks on Concrete Surfaces Using a Deep Learning Technique,,,keep_as_proxy,,,effective_baseline_n=0 < 1; dataset+repo=0 < 1; no_dataset_or_data_gap_note,,,,,,openalex,X deep learning concrete pavement,
ENG-THESIS-075,基于深度学习的混凝土路面裂缝检测研究,re09_fresh,fail,paper,https://openalex.org/W2998997213,Review of Pavement Defect Detection Methods,,,keep_as_proxy,,,effective_baseline_n=0 < 1; dataset+repo=0 < 1; no_dataset_or_data_gap_note,,,,,,openalex,concrete pavement crack detection state-of-the-art,
ENG-THESIS-075,基于深度学习的混凝土路面裂缝检测研究,re09_fresh,fail,paper,https://openalex.org/W2998997213,Review of Pavement Defect Detection Methods,,,keep_as_proxy,,,effective_baseline_n=0 < 1; dataset+repo=0 < 1; no_dataset_or_data_gap_note,,,,,,openalex,concrete pavement X detection,
ENG-THESIS-075,基于深度学习的混凝土路面裂缝检测研究,re09_fresh,fail,paper,https://openalex.org/W2998997213,Review of Pavement Defect Detection Methods,,,keep_as_proxy,,,effective_baseline_n=0 < 1; dataset+repo=0 < 1; no_dataset_or_data_gap_note,,,,,,openalex,concrete pavement X detection,
ENG-THESIS-075,基于深度学习的混凝土路面裂缝检测研究,re09_fresh,fail,paper,https://openalex.org/W3014583121,An integrated approach to automatic pixel-level crack detection and quantification of asphalt pavement,,,keep_as_proxy,,,effective_baseline_n=0 < 1; dataset+repo=0 < 1; no_dataset_or_data_gap_note,,,,,,openalex,concrete pavement crack detection state-of-the-art,
ENG-THESIS-075,基于深度学习的混凝土路面裂缝检测研究,re09_fresh,fail,paper,https://openalex.org/W4283392904,Artificial intelligence and smart vision for building and construction 4.0: Machine and deep learning methods and applications,,,keep_as_proxy,,,effective_baseline_n=0 < 1; dataset+repo=0 < 1; no_dataset_or_data_gap_note,,,,,,openalex,X deep learning concrete pavement,
ENG-THESIS-075,基于深度学习的混凝土路面裂缝检测研究,re09_fresh,fail,paper,https://openalex.org/W4283392904,Artificial intelligence and smart vision for building and construction 4.0: Machine and deep learning methods and applications,,,keep_as_proxy,,,effective_baseline_n=0 < 1; dataset+repo=0 < 1; no_dataset_or_data_gap_note,,,,,,openalex,X deep learning concrete pavement,
ENG-THESIS-075,基于深度学习的混凝土路面裂缝检测研究,re09_fresh,fail,paper,https://openalex.org/W4313491188,A deeper generative adversarial network for grooved cement concrete pavement crack detection,,,keep_as_proxy,,,effective_baseline_n=0 < 1; dataset+repo=0 < 1; no_dataset_or_data_gap_note,,,,,,openalex,concrete pavement crack detection state-of-the-art,
ENG-THESIS-080,基于三维重建裂缝损伤检测算法研究,re09_fresh,weak,paper,https://openalex.org/W2035527623,Concrete structural health monitoring using embedded piezoceramic transducers,,,keep_as_proxy,,,paper_n=3 < 4; effective_baseline_n=0 < 1; dataset+repo=0 < 1; no_dataset_or_data_gap_note; no_paper_no_dataset_no_repo_no_baseline,,,,,,openalex,concrete cracks X detection,
ENG-THESIS-080,基于三维重建裂缝损伤检测算法研究,re09_fresh,weak,paper,https://openalex.org/W2035527623,Concrete structural health monitoring using embedded piezoceramic transducers,,,keep_as_proxy,,,paper_n=3 < 4; effective_baseline_n=0 < 1; dataset+repo=0 < 1; no_dataset_or_data_gap_note; no_paper_no_dataset_no_repo_no_baseline,,,,,,openalex,concrete cracks X detection,
ENG-THESIS-080,基于三维重建裂缝损伤检测算法研究,re09_fresh,weak,paper,https://openalex.org/W2598457882,Deep Learning‐Based Crack Damage Detection Using Convolutional Neural Networks,,,keep_as_proxy,,,paper_n=3 < 4; effective_baseline_n=0 < 1; dataset+repo=0 < 1; no_dataset_or_data_gap_note; no_paper_no_dataset_no_repo_no_baseline,,,,,,openalex,concrete cracks X detection,
ENG-THESIS-080,基于三维重建裂缝损伤检测算法研究,re09_fresh,weak,paper,https://openalex.org/W2598457882,Deep Learning‐Based Crack Damage Detection Using Convolutional Neural Networks,,,keep_as_proxy,,,paper_n=3 < 4; effective_baseline_n=0 < 1; dataset+repo=0 < 1; no_dataset_or_data_gap_note; no_paper_no_dataset_no_repo_no_baseline,,,,,,openalex,concrete cracks X detection,
ENG-THESIS-080,基于三维重建裂缝损伤检测算法研究,re09_fresh,weak,paper,https://openalex.org/W2604476305,From bulk to cellular structures: A review on ceramic/graphene filler composites,,,keep_as_proxy,,,paper_n=3 < 4; effective_baseline_n=0 < 1; dataset+repo=0 < 1; no_dataset_or_data_gap_note; no_paper_no_dataset_no_repo_no_baseline,,,,,,openalex,X Structure from Motion (SfM) concrete cracks,
ENG-THESIS-080,基于三维重建裂缝损伤检测算法研究,re09_fresh,weak,paper,https://openalex.org/W2604476305,From bulk to cellular structures: A review on ceramic/graphene filler composites,,,keep_as_proxy,,,paper_n=3 < 4; effective_baseline_n=0 < 1; dataset+repo=0 < 1; no_dataset_or_data_gap_note; no_paper_no_dataset_no_repo_no_baseline,,,,,,openalex,X Structure from Motion (SfM) concrete cracks,
ENG-THESIS-080,基于三维重建裂缝损伤检测算法研究,re09_fresh,weak,paper,https://openalex.org/W2896613037,Automated Vision-Based Detection of Cracks on Concrete Surfaces Using a Deep Learning Technique,,,keep_as_proxy,,,paper_n=3 < 4; effective_baseline_n=0 < 1; dataset+repo=0 < 1; no_dataset_or_data_gap_note; no_paper_no_dataset_no_repo_no_baseline,,,,,,openalex,concrete cracks X detection,
ENG-THESIS-080,基于三维重建裂缝损伤检测算法研究,re09_fresh,weak,paper,https://openalex.org/W2896613037,Automated Vision-Based Detection of Cracks on Concrete Surfaces Using a Deep Learning Technique,,,keep_as_proxy,,,paper_n=3 < 4; effective_baseline_n=0 < 1; dataset+repo=0 < 1; no_dataset_or_data_gap_note; no_paper_no_dataset_no_repo_no_baseline,,,,,,openalex,concrete cracks X detection,
ENG-THESIS-080,基于三维重建裂缝损伤检测算法研究,re09_fresh,weak,paper,https://openalex.org/W2969926982,Structure from Motion Point Clouds for Structural Monitoring,,,keep_as_proxy,,,paper_n=3 < 4; effective_baseline_n=0 < 1; dataset+repo=0 < 1; no_dataset_or_data_gap_note; no_paper_no_dataset_no_repo_no_baseline,,,,,,openalex,concrete cracks crack detection Structure from Motion (SfM) survey,
ENG-THESIS-080,基于三维重建裂缝损伤检测算法研究,re09_fresh,weak,paper,https://openalex.org/W2969926982,Structure from Motion Point Clouds for Structural Monitoring,,,keep_as_proxy,,,paper_n=3 < 4; effective_baseline_n=0 < 1; dataset+repo=0 < 1; no_dataset_or_data_gap_note; no_paper_no_dataset_no_repo_no_baseline,,,,,,openalex,X Structure from Motion (SfM) concrete cracks,
ENG-THESIS-080,基于三维重建裂缝损伤检测算法研究,re09_fresh,weak,paper,https://openalex.org/W2969926982,Structure from Motion Point Clouds for Structural Monitoring,,,keep_as_proxy,,,paper_n=3 < 4; effective_baseline_n=0 < 1; dataset+repo=0 < 1; no_dataset_or_data_gap_note; no_paper_no_dataset_no_repo_no_baseline,,,,,,openalex,X Structure from Motion (SfM) concrete cracks,
ENG-THESIS-080,基于三维重建裂缝损伤检测算法研究,re09_fresh,weak,paper,https://openalex.org/W4281691925,UAV PHOTOGRAMMETRY FOR METRIC EVALUATION OF CONCRETE BRIDGE CRACKS,,,keep_as_proxy,,,paper_n=3 < 4; effective_baseline_n=0 < 1; dataset+repo=0 < 1; no_dataset_or_data_gap_note; no_paper_no_dataset_no_repo_no_baseline,,,,,,openalex,concrete cracks crack detection Structure from Motion (SfM) survey,
ENG-THESIS-080,基于三维重建裂缝损伤检测算法研究,re09_fresh,weak,paper,https://openalex.org/W4281691925,UAV PHOTOGRAMMETRY FOR METRIC EVALUATION OF CONCRETE BRIDGE CRACKS,,,keep_as_proxy,,,paper_n=3 < 4; effective_baseline_n=0 < 1; dataset+repo=0 < 1; no_dataset_or_data_gap_note; no_paper_no_dataset_no_repo_no_baseline,,,,,,openalex,X Structure from Motion (SfM) concrete cracks,
ENG-THESIS-080,基于三维重建裂缝损伤检测算法研究,re09_fresh,weak,paper,https://openalex.org/W4281691925,UAV PHOTOGRAMMETRY FOR METRIC EVALUATION OF CONCRETE BRIDGE CRACKS,,,keep_as_proxy,,,paper_n=3 < 4; effective_baseline_n=0 < 1; dataset+repo=0 < 1; no_dataset_or_data_gap_note; no_paper_no_dataset_no_repo_no_baseline,,,,,,openalex,X Structure from Motion (SfM) concrete cracks,
ENG-THESIS-080,基于三维重建裂缝损伤检测算法研究,re09_fresh,weak,paper,https://openalex.org/W4380204335,One-stage 3D profile-based pavement crack detection and quantification,,,keep_as_proxy,,,paper_n=3 < 4; effective_baseline_n=0 < 1; dataset+repo=0 < 1; no_dataset_or_data_gap_note; no_paper_no_dataset_no_repo_no_baseline,,,,,,openalex,concrete cracks crack detection Structure from Motion (SfM) survey,
ENG-THESIS-089,基于深度学习和双目立体视觉的道路路面损伤检测研究,re09_fresh,weak,paper,https://openalex.org/W173492641,RoADS: A Road Pavement Monitoring System for Anomaly Detection Using Smart Phones,,,keep_as_proxy,,,paper_n=0 < 4; effective_baseline_n=0 < 1; dataset+repo=0 < 1; no_dataset_or_data_gap_note; no_paper_no_dataset_no_repo_no_baseline,,,,,,openalex,road pavement surface X detection,
ENG-THESIS-089,基于深度学习和双目立体视觉的道路路面损伤检测研究,re09_fresh,weak,paper,https://openalex.org/W173492641,RoADS: A Road Pavement Monitoring System for Anomaly Detection Using Smart Phones,,,keep_as_proxy,,,paper_n=0 < 4; effective_baseline_n=0 < 1; dataset+repo=0 < 1; no_dataset_or_data_gap_note; no_paper_no_dataset_no_repo_no_baseline,,,,,,openalex,road pavement surface X detection,
ENG-THESIS-089,基于深度学习和双目立体视觉的道路路面损伤检测研究,re09_fresh,weak,paper,https://openalex.org/W1963782251,Automatic Road Pavement Assessment with Image Processing: Review and Comparison,,,keep_as_proxy,,,paper_n=0 < 4; effective_baseline_n=0 < 1; dataset+repo=0 < 1; no_dataset_or_data_gap_note; no_paper_no_dataset_no_repo_no_baseline,,,,,,openalex,road pavement surface X detection,
ENG-THESIS-089,基于深度学习和双目立体视觉的道路路面损伤检测研究,re09_fresh,weak,paper,https://openalex.org/W1963782251,Automatic Road Pavement Assessment with Image Processing: Review and Comparison,,,keep_as_proxy,,,paper_n=0 < 4; effective_baseline_n=0 < 1; dataset+repo=0 < 1; no_dataset_or_data_gap_note; no_paper_no_dataset_no_repo_no_baseline,,,,,,openalex,road pavement surface X detection,
ENG-THESIS-089,基于深度学习和双目立体视觉的道路路面损伤检测研究,re09_fresh,weak,paper,https://openalex.org/W2902195199,A Deep Convolutional Neural Network for Semantic Pixel-Wise Segmentation of Road and Pavement Surface Cracks,,,keep_as_proxy,,,paper_n=0 < 4; effective_baseline_n=0 < 1; dataset+repo=0 < 1; no_dataset_or_data_gap_note; no_paper_no_dataset_no_repo_no_baseline,,,,,,openalex,X deep learning road pavement surface,
ENG-THESIS-089,基于深度学习和双目立体视觉的道路路面损伤检测研究,re09_fresh,weak,paper,https://openalex.org/W2902195199,A Deep Convolutional Neural Network for Semantic Pixel-Wise Segmentation of Road and Pavement Surface Cracks,,,keep_as_proxy,,,paper_n=0 < 4; effective_baseline_n=0 < 1; dataset+repo=0 < 1; no_dataset_or_data_gap_note; no_paper_no_dataset_no_repo_no_baseline,,,,,,openalex,X deep learning road pavement surface,
ENG-THESIS-089,基于深度学习和双目立体视觉的道路路面损伤检测研究,re09_fresh,weak,paper,https://openalex.org/W2998997213,Review of Pavement Defect Detection Methods,,,keep_as_proxy,,,paper_n=0 < 4; effective_baseline_n=0 < 1; dataset+repo=0 < 1; no_dataset_or_data_gap_note; no_paper_no_dataset_no_repo_no_baseline,,,,,,openalex,road pavement surface X detection,
ENG-THESIS-089,基于深度学习和双目立体视觉的道路路面损伤检测研究,re09_fresh,weak,paper,https://openalex.org/W2998997213,Review of Pavement Defect Detection Methods,,,keep_as_proxy,,,paper_n=0 < 4; effective_baseline_n=0 < 1; dataset+repo=0 < 1; no_dataset_or_data_gap_note; no_paper_no_dataset_no_repo_no_baseline,,,,,,openalex,X deep learning road pavement surface,
ENG-THESIS-089,基于深度学习和双目立体视觉的道路路面损伤检测研究,re09_fresh,weak,paper,https://openalex.org/W2998997213,Review of Pavement Defect Detection Methods,,,keep_as_proxy,,,paper_n=0 < 4; effective_baseline_n=0 < 1; dataset+repo=0 < 1; no_dataset_or_data_gap_note; no_paper_no_dataset_no_repo_no_baseline,,,,,,openalex,road pavement surface X detection,
ENG-THESIS-089,基于深度学习和双目立体视觉的道路路面损伤检测研究,re09_fresh,weak,paper,https://openalex.org/W2998997213,Review of Pavement Defect Detection Methods,,,keep_as_proxy,,,paper_n=0 < 4; effective_baseline_n=0 < 1; dataset+repo=0 < 1; no_dataset_or_data_gap_note; no_paper_no_dataset_no_repo_no_baseline,,,,,,openalex,X deep learning road pavement surface,
ENG-THESIS-089,基于深度学习和双目立体视觉的道路路面损伤检测研究,re09_fresh,weak,paper,https://openalex.org/W4283392904,Artificial intelligence and smart vision for building and construction 4.0: Machine and deep learning methods and applications,,,keep_as_proxy,,,paper_n=0 < 4; effective_baseline_n=0 < 1; dataset+repo=0 < 1; no_dataset_or_data_gap_note; no_paper_no_dataset_no_repo_no_baseline,,,,,,openalex,X deep learning road pavement surface,
ENG-THESIS-089,基于深度学习和双目立体视觉的道路路面损伤检测研究,re09_fresh,weak,paper,https://openalex.org/W4283392904,Artificial intelligence and smart vision for building and construction 4.0: Machine and deep learning methods and applications,,,keep_as_proxy,,,paper_n=0 < 4; effective_baseline_n=0 < 1; dataset+repo=0 < 1; no_dataset_or_data_gap_note; no_paper_no_dataset_no_repo_no_baseline,,,,,,openalex,X deep learning road pavement surface,
ENG-THESIS-091,基于云计算的输电线路缺陷检测平台,re09_fresh,weak,paper,https://openalex.org/W2085302753,A Survey of Research on Cloud Robotics and Automation,,,keep_as_proxy,,,paper_n=0 < 4; effective_baseline_n=0 < 1; dataset+repo=0 < 1; no_dataset_or_data_gap_note; no_paper_no_dataset_no_repo_no_baseline; scenario_axis_missing,,,,,,openalex,X cloud computing transmission lines,
ENG-THESIS-091,基于云计算的输电线路缺陷检测平台,re09_fresh,weak,paper,https://openalex.org/W2085302753,A Survey of Research on Cloud Robotics and Automation,,,keep_as_proxy,,,paper_n=0 < 4; effective_baseline_n=0 < 1; dataset+repo=0 < 1; no_dataset_or_data_gap_note; no_paper_no_dataset_no_repo_no_baseline; scenario_axis_missing,,,,,,openalex,X cloud computing transmission lines,
ENG-THESIS-091,基于云计算的输电线路缺陷检测平台,re09_fresh,weak,paper,https://openalex.org/W2119633057,Cloud Computing Security: A Survey,,,keep_as_proxy,,,paper_n=0 < 4; effective_baseline_n=0 < 1; dataset+repo=0 < 1; no_dataset_or_data_gap_note; no_paper_no_dataset_no_repo_no_baseline; scenario_axis_missing,,,,,,openalex,X cloud computing transmission lines,
ENG-THESIS-091,基于云计算的输电线路缺陷检测平台,re09_fresh,weak,paper,https://openalex.org/W2119633057,Cloud Computing Security: A Survey,,,keep_as_proxy,,,paper_n=0 < 4; effective_baseline_n=0 < 1; dataset+repo=0 < 1; no_dataset_or_data_gap_note; no_paper_no_dataset_no_repo_no_baseline; scenario_axis_missing,,,,,,openalex,X cloud computing transmission lines,
ENG-THESIS-091,基于云计算的输电线路缺陷检测平台,re09_fresh,weak,paper,https://openalex.org/W3001195213,Detection of 2019 novel coronavirus (2019-nCoV) by real-time RT-PCR,,,keep_as_proxy,,,paper_n=0 < 4; effective_baseline_n=0 < 1; dataset+repo=0 < 1; no_dataset_or_data_gap_note; no_paper_no_dataset_no_repo_no_baseline; scenario_axis_missing,,,,,,openalex,transmission lines X detection,
ENG-THESIS-091,基于云计算的输电线路缺陷检测平台,re09_fresh,weak,paper,https://openalex.org/W3001195213,Detection of 2019 novel coronavirus (2019-nCoV) by real-time RT-PCR,,,keep_as_proxy,,,paper_n=0 < 4; effective_baseline_n=0 < 1; dataset+repo=0 < 1; no_dataset_or_data_gap_note; no_paper_no_dataset_no_repo_no_baseline; scenario_axis_missing,,,,,,openalex,transmission lines X detection,
ENG-THESIS-091,基于云计算的输电线路缺陷检测平台,re09_fresh,weak,paper,https://openalex.org/W3009468976,Early dynamics of transmission and control of COVID-19: a mathematical modelling study,,,keep_as_proxy,,,paper_n=0 < 4; effective_baseline_n=0 < 1; dataset+repo=0 < 1; no_dataset_or_data_gap_note; no_paper_no_dataset_no_repo_no_baseline; scenario_axis_missing,,,,,,openalex,transmission lines X detection,
ENG-THESIS-091,基于云计算的输电线路缺陷检测平台,re09_fresh,weak,paper,https://openalex.org/W3009468976,Early dynamics of transmission and control of COVID-19: a mathematical modelling study,,,keep_as_proxy,,,paper_n=0 < 4; effective_baseline_n=0 < 1; dataset+repo=0 < 1; no_dataset_or_data_gap_note; no_paper_no_dataset_no_repo_no_baseline; scenario_axis_missing,,,,,,openalex,transmission lines X detection,
ENG-THESIS-091,基于云计算的输电线路缺陷检测平台,re09_fresh,weak,paper,https://openalex.org/W3025871232,Pathogenesis and transmission of SARS-CoV-2 in golden hamsters,,,keep_as_proxy,,,paper_n=0 < 4; effective_baseline_n=0 < 1; dataset+repo=0 < 1; no_dataset_or_data_gap_note; no_paper_no_dataset_no_repo_no_baseline; scenario_axis_missing,,,,,,openalex,transmission lines X detection,
ENG-THESIS-091,基于云计算的输电线路缺陷检测平台,re09_fresh,weak,paper,https://openalex.org/W3025871232,Pathogenesis and transmission of SARS-CoV-2 in golden hamsters,,,keep_as_proxy,,,paper_n=0 < 4; effective_baseline_n=0 < 1; dataset+repo=0 < 1; no_dataset_or_data_gap_note; no_paper_no_dataset_no_repo_no_baseline; scenario_axis_missing,,,,,,openalex,transmission lines X detection,
ENG-THESIS-091,基于云计算的输电线路缺陷检测平台,re09_fresh,weak,paper,https://openalex.org/W3082766779,Google Earth Engine Cloud Computing Platform for Remote Sensing Big Data Applications: A Comprehensive Review,,,keep_as_proxy,,,paper_n=0 < 4; effective_baseline_n=0 < 1; dataset+repo=0 < 1; no_dataset_or_data_gap_note; no_paper_no_dataset_no_repo_no_baseline; scenario_axis_missing,,,,,,openalex,X cloud computing transmission lines,
ENG-THESIS-091,基于云计算的输电线路缺陷检测平台,re09_fresh,weak,paper,https://openalex.org/W3082766779,Google Earth Engine Cloud Computing Platform for Remote Sensing Big Data Applications: A Comprehensive Review,,,keep_as_proxy,,,paper_n=0 < 4; effective_baseline_n=0 < 1; dataset+repo=0 < 1; no_dataset_or_data_gap_note; no_paper_no_dataset_no_repo_no_baseline; scenario_axis_missing,,,,,,openalex,X cloud computing transmission lines,
ENG-THESIS-093,基于深度学习的接触网绝缘子表面缺陷图像式检测方法研究,re09_fresh,weak,paper,https://openalex.org/W2767909418,Advances of research on high-speed railway catenary,,,keep_as_proxy,,,paper_n=3 < 4; effective_baseline_n=0 < 1; dataset+repo=0 < 1; no_dataset_or_data_gap_note; no_paper_no_dataset_no_repo_no_baseline,,,,,,openalex,catenary insulator X detection,
ENG-THESIS-093,基于深度学习的接触网绝缘子表面缺陷图像式检测方法研究,re09_fresh,weak,paper,https://openalex.org/W2767909418,Advances of research on high-speed railway catenary,,,keep_as_proxy,,,paper_n=3 < 4; effective_baseline_n=0 < 1; dataset+repo=0 < 1; no_dataset_or_data_gap_note; no_paper_no_dataset_no_repo_no_baseline,,,,,,openalex,catenary insulator X detection,
ENG-THESIS-093,基于深度学习的接触网绝缘子表面缺陷图像式检测方法研究,re09_fresh,weak,paper,https://openalex.org/W2772386856,Automatic Defect Detection of Fasteners on the Catenary Support Device Using Deep Convolutional Neural Network,,,keep_as_proxy,,,paper_n=3 < 4; effective_baseline_n=0 < 1; dataset+repo=0 < 1; no_dataset_or_data_gap_note; no_paper_no_dataset_no_repo_no_baseline,,,,,,openalex,catenary insulator X detection,
ENG-THESIS-093,基于深度学习的接触网绝缘子表面缺陷图像式检测方法研究,re09_fresh,weak,paper,https://openalex.org/W2772386856,Automatic Defect Detection of Fasteners on the Catenary Support Device Using Deep Convolutional Neural Network,,,keep_as_proxy,,,paper_n=3 < 4; effective_baseline_n=0 < 1; dataset+repo=0 < 1; no_dataset_or_data_gap_note; no_paper_no_dataset_no_repo_no_baseline,,,,,,openalex,X YOLO catenary insulator,
ENG-THESIS-093,基于深度学习的接触网绝缘子表面缺陷图像式检测方法研究,re09_fresh,weak,paper,https://openalex.org/W2772386856,Automatic Defect Detection of Fasteners on the Catenary Support Device Using Deep Convolutional Neural Network,,,keep_as_proxy,,,paper_n=3 < 4; effective_baseline_n=0 < 1; dataset+repo=0 < 1; no_dataset_or_data_gap_note; no_paper_no_dataset_no_repo_no_baseline,,,,,,openalex,catenary insulator X detection,
ENG-THESIS-093,基于深度学习的接触网绝缘子表面缺陷图像式检测方法研究,re09_fresh,weak,paper,https://openalex.org/W2772386856,Automatic Defect Detection of Fasteners on the Catenary Support Device Using Deep Convolutional Neural Network,,,keep_as_proxy,,,paper_n=3 < 4; effective_baseline_n=0 < 1; dataset+repo=0 < 1; no_dataset_or_data_gap_note; no_paper_no_dataset_no_repo_no_baseline,,,,,,openalex,X YOLO catenary insulator,
ENG-THESIS-093,基于深度学习的接触网绝缘子表面缺陷图像式检测方法研究,re09_fresh,weak,paper,https://openalex.org/W2944885551,A Method of Insulator Faults Detection in Aerial Images for High-Voltage Transmission Lines Inspection,,,keep_as_proxy,,,paper_n=3 < 4; effective_baseline_n=0 < 1; dataset+repo=0 < 1; no_dataset_or_data_gap_note; no_paper_no_dataset_no_repo_no_baseline,,,,,,openalex,catenary insulator surface defect detection YOLO survey,
ENG-THESIS-093,基于深度学习的接触网绝缘子表面缺陷图像式检测方法研究,re09_fresh,weak,paper,https://openalex.org/W2988452876,Research on Recognition Method of Electrical Components Based on YOLO V3,,,keep_as_proxy,,,paper_n=3 < 4; effective_baseline_n=0 < 1; dataset+repo=0 < 1; no_dataset_or_data_gap_note; no_paper_no_dataset_no_repo_no_baseline,,,,,,openalex,X YOLO catenary insulator,
ENG-THESIS-093,基于深度学习的接触网绝缘子表面缺陷图像式检测方法研究,re09_fresh,weak,paper,https://openalex.org/W2988452876,Research on Recognition Method of Electrical Components Based on YOLO V3,,,keep_as_proxy,,,paper_n=3 < 4; effective_baseline_n=0 < 1; dataset+repo=0 < 1; no_dataset_or_data_gap_note; no_paper_no_dataset_no_repo_no_baseline,,,,,,openalex,X YOLO catenary insulator,
ENG-THESIS-093,基于深度学习的接触网绝缘子表面缺陷图像式检测方法研究,re09_fresh,weak,paper,https://openalex.org/W3092335754,Detection of Insulator Defects With Improved ResNeSt and Region Proposal Network,,,keep_as_proxy,,,paper_n=3 < 4; effective_baseline_n=0 < 1; dataset+repo=0 < 1; no_dataset_or_data_gap_note; no_paper_no_dataset_no_repo_no_baseline,,,,,,openalex,catenary insulator X detection,
ENG-THESIS-093,基于深度学习的接触网绝缘子表面缺陷图像式检测方法研究,re09_fresh,weak,paper,https://openalex.org/W3092335754,Detection of Insulator Defects With Improved ResNeSt and Region Proposal Network,,,keep_as_proxy,,,paper_n=3 < 4; effective_baseline_n=0 < 1; dataset+repo=0 < 1; no_dataset_or_data_gap_note; no_paper_no_dataset_no_repo_no_baseline,,,,,,openalex,catenary insulator X detection,
ENG-THESIS-093,基于深度学习的接触网绝缘子表面缺陷图像式检测方法研究,re09_fresh,weak,paper,https://openalex.org/W4285221596,A Survey on Audio-Video Based Defect Detection Through Deep Learning in Railway Maintenance,,,keep_as_proxy,,,paper_n=3 < 4; effective_baseline_n=0 < 1; dataset+repo=0 < 1; no_dataset_or_data_gap_note; no_paper_no_dataset_no_repo_no_baseline,,,,,,openalex,catenary insulator surface defect detection YOLO survey,
ENG-THESIS-093,基于深度学习的接触网绝缘子表面缺陷图像式检测方法研究,re09_fresh,weak,paper,https://openalex.org/W4386933777,YOLO v7-ECA-PConv-NWD Detects Defective Insulators on Transmission Lines,,,keep_as_proxy,,,paper_n=3 < 4; effective_baseline_n=0 < 1; dataset+repo=0 < 1; no_dataset_or_data_gap_note; no_paper_no_dataset_no_repo_no_baseline,,,,,,openalex,catenary insulator surface defect detection YOLO survey,
ENG-THESIS-093,基于深度学习的接触网绝缘子表面缺陷图像式检测方法研究,re09_fresh,weak,paper,https://openalex.org/W4386933777,YOLO v7-ECA-PConv-NWD Detects Defective Insulators on Transmission Lines,,,keep_as_proxy,,,paper_n=3 < 4; effective_baseline_n=0 < 1; dataset+repo=0 < 1; no_dataset_or_data_gap_note; no_paper_no_dataset_no_repo_no_baseline,,,,,,openalex,X YOLO catenary insulator,
ENG-THESIS-093,基于深度学习的接触网绝缘子表面缺陷图像式检测方法研究,re09_fresh,weak,paper,https://openalex.org/W4386933777,YOLO v7-ECA-PConv-NWD Detects Defective Insulators on Transmission Lines,,,keep_as_proxy,,,paper_n=3 < 4; effective_baseline_n=0 < 1; dataset+repo=0 < 1; no_dataset_or_data_gap_note; no_paper_no_dataset_no_repo_no_baseline,,,,,,openalex,X YOLO catenary insulator,
ENG-THESIS-096,基于石墨烯薄膜电热效应的风机叶片防冰除冰系统研究,re09_fresh,weak,paper,https://openalex.org/W2767955783,Materials for Wind Turbine Blades: An Overview,,,keep_as_proxy,,,paper_n=0 < 4; effective_baseline_n=0 < 1; dataset+repo=0 < 1; no_dataset_or_data_gap_note; no_paper_no_dataset_no_repo_no_baseline,,,,,,openalex,wind turbine blade X detection,
ENG-THESIS-096,基于石墨烯薄膜电热效应的风机叶片防冰除冰系统研究,re09_fresh,weak,paper,https://openalex.org/W2767955783,Materials for Wind Turbine Blades: An Overview,,,keep_as_proxy,,,paper_n=0 < 4; effective_baseline_n=0 < 1; dataset+repo=0 < 1; no_dataset_or_data_gap_note; no_paper_no_dataset_no_repo_no_baseline,,,,,,openalex,wind turbine blade X detection,
ENG-THESIS-096,基于石墨烯薄膜电热效应的风机叶片防冰除冰系统研究,re09_fresh,weak,paper,https://openalex.org/W2897250207,Machine learning methods for wind turbine condition monitoring: A review,,,keep_as_proxy,,,paper_n=0 < 4; effective_baseline_n=0 < 1; dataset+repo=0 < 1; no_dataset_or_data_gap_note; no_paper_no_dataset_no_repo_no_baseline,,,,,,openalex,wind turbine blade X detection,
ENG-THESIS-096,基于石墨烯薄膜电热效应的风机叶片防冰除冰系统研究,re09_fresh,weak,paper,https://openalex.org/W2897250207,Machine learning methods for wind turbine condition monitoring: A review,,,keep_as_proxy,,,paper_n=0 < 4; effective_baseline_n=0 < 1; dataset+repo=0 < 1; no_dataset_or_data_gap_note; no_paper_no_dataset_no_repo_no_baseline,,,,,,openalex,wind turbine blade X detection,
ENG-THESIS-096,基于石墨烯薄膜电热效应的风机叶片防冰除冰系统研究,re09_fresh,weak,paper,https://openalex.org/W2909025447,Effective de-icing skin using graphene-based flexible heater,,,keep_as_proxy,,,paper_n=0 < 4; effective_baseline_n=0 < 1; dataset+repo=0 < 1; no_dataset_or_data_gap_note; no_paper_no_dataset_no_repo_no_baseline,,,,,,openalex,X graphene film joule heating wind turbine blade,
ENG-THESIS-096,基于石墨烯薄膜电热效应的风机叶片防冰除冰系统研究,re09_fresh,weak,paper,https://openalex.org/W2909025447,Effective de-icing skin using graphene-based flexible heater,,,keep_as_proxy,,,paper_n=0 < 4; effective_baseline_n=0 < 1; dataset+repo=0 < 1; no_dataset_or_data_gap_note; no_paper_no_dataset_no_repo_no_baseline,,,,,,openalex,X graphene film joule heating wind turbine blade,
ENG-THESIS-096,基于石墨烯薄膜电热效应的风机叶片防冰除冰系统研究,re09_fresh,weak,paper,https://openalex.org/W2974473399,Wind-Turbine and Wind-Farm Flows: A Review,,,keep_as_proxy,,,paper_n=0 < 4; effective_baseline_n=0 < 1; dataset+repo=0 < 1; no_dataset_or_data_gap_note; no_paper_no_dataset_no_repo_no_baseline,,,,,,openalex,wind turbine blade X detection,
ENG-THESIS-096,基于石墨烯薄膜电热效应的风机叶片防冰除冰系统研究,re09_fresh,weak,paper,https://openalex.org/W2974473399,Wind-Turbine and Wind-Farm Flows: A Review,,,keep_as_proxy,,,paper_n=0 < 4; effective_baseline_n=0 < 1; dataset+repo=0 < 1; no_dataset_or_data_gap_note; no_paper_no_dataset_no_repo_no_baseline,,,,,,openalex,wind turbine blade X detection,
ENG-THESIS-096,基于石墨烯薄膜电热效应的风机叶片防冰除冰系统研究,re09_fresh,weak,paper,https://openalex.org/W4293036434,Graphene and CNT‐Based Smart Fiber‐Reinforced Composites: A Review,,,keep_as_proxy,,,paper_n=0 < 4; effective_baseline_n=0 < 1; dataset+repo=0 < 1; no_dataset_or_data_gap_note; no_paper_no_dataset_no_repo_no_baseline,,,,,,openalex,X graphene film joule heating wind turbine blade,
ENG-THESIS-096,基于石墨烯薄膜电热效应的风机叶片防冰除冰系统研究,re09_fresh,weak,paper,https://openalex.org/W4293036434,Graphene and CNT‐Based Smart Fiber‐Reinforced Composites: A Review,,,keep_as_proxy,,,paper_n=0 < 4; effective_baseline_n=0 < 1; dataset+repo=0 < 1; no_dataset_or_data_gap_note; no_paper_no_dataset_no_repo_no_baseline,,,,,,openalex,X graphene film joule heating wind turbine blade,
ENG-THESIS-096,基于石墨烯薄膜电热效应的风机叶片防冰除冰系统研究,re09_fresh,weak,paper,https://openalex.org/W4406382487,"Flash Joule heating for synthesis, upcycling and remediation",,,keep_as_proxy,,,paper_n=0 < 4; effective_baseline_n=0 < 1; dataset+repo=0 < 1; no_dataset_or_data_gap_note; no_paper_no_dataset_no_repo_no_baseline,,,,,,openalex,X graphene film joule heating wind turbine blade,
ENG-THESIS-096,基于石墨烯薄膜电热效应的风机叶片防冰除冰系统研究,re09_fresh,weak,paper,https://openalex.org/W4406382487,"Flash Joule heating for synthesis, upcycling and remediation",,,keep_as_proxy,,,paper_n=0 < 4; effective_baseline_n=0 < 1; dataset+repo=0 < 1; no_dataset_or_data_gap_note; no_paper_no_dataset_no_repo_no_baseline,,,,,,openalex,X graphene film joule heating wind turbine blade,
